Solution,Row#,Guesses
funky,5,"drape[0, 0, 0, 0, 0]/shiny[0, 0, 0, 1, 2]/mungy[0, 2, 2, 0, 2]/nunky[1, 2, 2, 2, 2]"
trust,4,"arise[0, 2, 0, 2, 0]/crost[0, 2, 0, 2, 2]/tryst[2, 2, 0, 2, 2]"
naive,4,"atone[1, 0, 0, 1, 2]/hanse[0, 2, 1, 0, 2]/nappe[2, 2, 0, 0, 2]"
plunk,3,"later[1, 0, 0, 0, 0]/slink[0, 2, 0, 2, 2]"
foggy,4,"worse[0, 2, 0, 0, 0]/bonum[0, 2, 0, 0, 0]/folic[2, 2, 0, 0, 0]"
rerun,4,"slate[0, 0, 0, 0, 1]/preon[0, 1, 1, 0, 2]/reign[2, 2, 0, 0, 2]"
armor,4,"snare[0, 0, 1, 1, 0]/parky[0, 1, 1, 0, 0]/actor[2, 0, 0, 2, 2]"
lager,3,"adieu[1, 0, 0, 2, 0]/layer[2, 2, 0, 2, 2]"
media,4,"crate[0, 0, 1, 0, 1]/wayed[0, 1, 0, 1, 1]/sedan[0, 2, 2, 1, 0]"
amply,4,"paint[1, 1, 0, 0, 0]/agape[2, 0, 1, 1, 0]/appam[2, 1, 2, 1, 1]"
giddy,6,"anime[0, 0, 1, 0, 0]/kikoi[0, 2, 0, 0, 1]/risus[0, 2, 0, 0, 0]/filth[0, 2, 0, 0, 0]/gippy[2, 2, 0, 0, 2]"
glide,3,"trace[0, 0, 0, 0, 2]/lodge[1, 0, 1, 1, 2]"
trope,5,"prowl[1, 2, 2, 0, 0]/droop[0, 2, 2, 1, 1]/crops[0, 2, 2, 2, 0]/grope[0, 2, 2, 2, 2]"
agape,6,"sired[0, 0, 0, 1, 0]/enzym[1, 0, 0, 0, 0]/acute[2, 0, 0, 0, 2]/abele[2, 0, 1, 0, 2]/awake[2, 0, 2, 0, 2]"
young,6,"anime[0, 1, 0, 0, 0]/bouns[0, 2, 2, 2, 0]/count[0, 2, 2, 2, 0]/round[0, 2, 2, 2, 0]/nouny[1, 2, 2, 2, 1]"
riper,3,"later[0, 0, 0, 2, 2]/prier[1, 1, 1, 2, 2]"
drink,3,"sired[0, 1, 1, 0, 1]/drain[2, 2, 0, 1, 1]"
shoal,3,"cream[0, 0, 0, 2, 0]/vasal[0, 1, 1, 2, 2]"
world,4,"paint[0, 0, 0, 0, 0]/femur[0, 0, 0, 0, 1]/wryly[2, 1, 0, 2, 0]"
spent,4,"alone[0, 0, 0, 2, 1]/syens[2, 0, 2, 2, 1]/scent[2, 0, 2, 2, 2]"
mulch,5,"worse[0, 0, 0, 0, 0]/gyppy[0, 0, 0, 0, 0]/dabba[0, 0, 0, 0, 0]/minim[2, 0, 0, 0, 1]"
ashen,4,"alone[2, 0, 0, 1, 1]/anger[2, 1, 0, 2, 0]/apnea[2, 0, 1, 2, 1]"
faith,3,"tears[1, 0, 1, 0, 0]/junta[0, 0, 0, 2, 1]"
shame,6,"irate[0, 0, 2, 0, 2]/peage[0, 1, 2, 0, 2]/shave[2, 2, 2, 0, 2]/shake[2, 2, 2, 0, 2]/shale[2, 2, 2, 0, 2]"
abbot,3,"paint[0, 1, 0, 0, 2]/boart[1, 1, 1, 0, 2]"
risen,4,"alone[0, 0, 0, 1, 1]/bends[0, 1, 1, 0, 1]/sneer[1, 1, 1, 2, 1]"
serve,4,"alone[0, 0, 0, 0, 2]/swire[2, 0, 0, 1, 2]/surge[2, 0, 2, 0, 2]"
bicep,3,"paint[1, 0, 1, 0, 0]/biped[2, 2, 1, 2, 0]"
lanky,4,"trace[0, 0, 1, 0, 0]/nioza[1, 0, 0, 0, 1]/annul[1, 1, 2, 0, 1]"
humus,5,"crane[0, 0, 0, 0, 0]/plods[0, 0, 0, 0, 2]/susus[1, 2, 1, 2, 2]/mumus[1, 2, 2, 2, 2]"
floor,4,"sauce[0, 0, 0, 0, 0]/lingy[1, 0, 0, 0, 0]/flood[2, 2, 2, 2, 0]"
shoot,4,"reast[0, 0, 0, 1, 2]/suint[2, 0, 0, 0, 2]/shott[2, 2, 2, 1, 2]"
elope,3,"snare[0, 0, 0, 0, 2]/tuple[0, 0, 1, 1, 2]"
beach,5,"worse[0, 0, 0, 0, 1]/chevy[1, 1, 1, 0, 0]/letch[0, 2, 0, 2, 2]/peach[0, 2, 2, 2, 2]"
thong,4,"reast[0, 0, 0, 0, 1]/timid[2, 0, 0, 0, 0]/tough[2, 1, 0, 1, 1]"
downy,4,"media[0, 0, 1, 0, 0]/drubs[2, 0, 0, 0, 0]/dowdy[2, 2, 2, 1, 2]"
shaky,4,"drape[0, 0, 2, 0, 0]/whamo[0, 2, 2, 0, 0]/shaly[2, 2, 2, 0, 2]"
ladle,4,"crate[0, 0, 1, 0, 2]/gable[0, 2, 0, 2, 2]/maple[0, 2, 0, 2, 2]"
brand,3,"media[0, 0, 1, 0, 1]/quayd[0, 0, 2, 0, 2]"
carry,4,"slate[0, 0, 1, 0, 0]/razor[1, 2, 0, 0, 1]/carpi[2, 2, 2, 0, 0]"
snare,4,"adieu[1, 0, 0, 1, 0]/veals[0, 1, 2, 0, 1]/prase[0, 1, 2, 1, 2]"
burnt,4,"drape[0, 1, 0, 0, 0]/twirk[1, 0, 0, 1, 0]/strut[0, 1, 2, 1, 2]"
conch,4,"crane[2, 0, 0, 1, 0]/conic[2, 2, 2, 0, 1]/condo[2, 2, 2, 0, 1]"
flash,3,"roast[0, 0, 2, 2, 0]/quash[0, 0, 2, 2, 2]"
drove,4,"sired[0, 0, 1, 1, 1]/dream[2, 2, 1, 0, 0]/drone[2, 2, 2, 0, 2]"
gazer,5,"adieu[1, 0, 0, 2, 0]/baser[0, 2, 0, 2, 2]/rarer[1, 2, 1, 2, 2]/wafer[0, 2, 0, 2, 2]"
louse,3,"later[2, 0, 0, 1, 0]/leech[2, 1, 1, 0, 0]"
floss,2,"roast[0, 1, 0, 2, 0]"
smoky,6,"slate[2, 0, 0, 0, 0]/sough[2, 1, 0, 0, 0]/snood[2, 0, 2, 1, 0]/scoff[2, 0, 2, 0, 0]/smoko[2, 2, 2, 2, 1]"
dough,3,"tears[0, 0, 0, 0, 0]/hundo[1, 1, 0, 1, 1]"
laugh,4,"arise[1, 0, 0, 0, 0]/halfa[1, 2, 1, 0, 1]/latah[2, 2, 0, 1, 2]"
spicy,4,"anime[0, 0, 2, 0, 0]/pligs[1, 0, 2, 0, 1]/spiky[2, 2, 2, 0, 2]"
refer,5,"adieu[0, 0, 0, 2, 0]/otter[0, 0, 0, 2, 2]/syver[0, 0, 0, 2, 2]/freer[1, 1, 1, 2, 2]"
ovoid,5,"slate[0, 0, 0, 0, 0]/ryijy[0, 0, 1, 0, 0]/pinko[0, 1, 0, 0, 1]/comic[0, 1, 0, 2, 0]"
teddy,3,"reast[0, 2, 0, 0, 1]/tepid[2, 2, 0, 0, 1]"
covet,3,"react[0, 1, 0, 1, 2]/cleft[2, 0, 1, 0, 2]"
whoop,4,"sauce[0, 0, 0, 0, 0]/grimy[0, 0, 0, 0, 0]/photo[1, 2, 2, 0, 1]"
vigil,5,"later[1, 0, 0, 0, 0]/fulls[0, 0, 1, 1, 0]/gools[1, 0, 0, 1, 0]/cling[0, 1, 1, 0, 1]"
tying,6,"roast[0, 0, 0, 0, 1]/ditty[0, 1, 1, 1, 1]/tulip[2, 0, 0, 1, 0]/twice[2, 0, 2, 0, 0]/tyiyn[2, 2, 2, 1, 1]"
baler,7,"drape[0, 1, 1, 0, 1]/cater[0, 2, 0, 2, 2]/wafer[0, 2, 0, 2, 2]/mazer[0, 2, 0, 2, 2]/saner[0, 2, 0, 2, 2]/barer[2, 2, 1, 2, 2]"
aglow,4,"cream[0, 0, 0, 1, 0]/glass[1, 1, 1, 0, 0]/agila[2, 2, 0, 1, 1]"
willy,4,"atone[0, 0, 0, 0, 0]/hylic[0, 1, 2, 1, 0]/filly[0, 2, 2, 2, 2]"
round,4,"crate[0, 1, 0, 0, 0]/horks[0, 2, 1, 0, 0]/mourn[0, 2, 2, 1, 1]"
stuck,3,"prowl[0, 0, 0, 0, 0]/quank[0, 1, 0, 0, 2]"
speed,4,"arise[0, 0, 0, 1, 1]/omnes[0, 0, 0, 2, 1]/upset[0, 2, 1, 2, 0]"
hardy,5,"worse[0, 0, 2, 0, 0]/thrum[0, 1, 2, 0, 0]/birch[0, 0, 2, 0, 1]/harry[2, 2, 2, 1, 2]"
depot,3,"reast[0, 2, 0, 0, 2]/debut[2, 2, 0, 0, 2]"
eerie,6,"react[1, 2, 0, 0, 0]/lehrs[0, 2, 0, 1, 0]/perog[0, 2, 2, 0, 0]/derny[0, 2, 2, 0, 0]/verve[0, 2, 2, 0, 2]"
strap,4,"trace[1, 1, 1, 0, 0]/rafts[1, 1, 0, 1, 1]/astir[1, 1, 1, 0, 1]"
wordy,3,"arise[0, 1, 0, 0, 0]/dowry[1, 2, 1, 1, 2]"
tower,3,"atone[0, 1, 1, 0, 1]/potes[0, 2, 1, 2, 0]"
night,4,"sired[0, 2, 0, 0, 0]/tikia[1, 2, 0, 1, 0]/biont[0, 2, 0, 1, 2]"
blown,5,"irate[0, 0, 0, 0, 0]/bouks[2, 1, 0, 0, 0]/bloom[2, 2, 2, 1, 0]/blond[2, 2, 2, 1, 0]"
chess,4,"sired[1, 0, 0, 1, 0]/least[0, 1, 0, 2, 0]/guyse[0, 0, 0, 2, 1]"
prove,6,"crane[0, 2, 0, 0, 2]/grime[0, 2, 0, 0, 2]/frore[0, 2, 2, 1, 2]/trove[0, 2, 2, 2, 2]/drove[0, 2, 2, 2, 2]"
equal,4,"reast[0, 1, 1, 0, 0]/comae[0, 0, 0, 2, 1]/apeak[1, 0, 1, 2, 0]"
scorn,4,"slate[2, 0, 0, 0, 0]/scrum[2, 2, 1, 0, 0]/scorp[2, 2, 2, 2, 0]"
scram,2,"cream[1, 1, 0, 2, 2]"
spook,5,"later[0, 0, 0, 0, 0]/dimbo[0, 0, 0, 0, 1]/zygon[0, 0, 0, 2, 0]/cocos[0, 1, 0, 2, 1]"
defer,4,"paint[0, 0, 0, 0, 0]/doved[2, 0, 0, 2, 1]/dryer[2, 1, 0, 2, 2]"
dryly,4,"arise[0, 2, 0, 0, 0]/grund[0, 2, 0, 0, 1]/droop[2, 2, 0, 0, 0]"
slide,5,"react[0, 1, 0, 0, 0]/mimes[0, 1, 0, 1, 1]/noise[0, 0, 2, 1, 2]/slipe[2, 2, 2, 0, 2]"
gaily,3,"anime[1, 0, 2, 0, 0]/daily[0, 2, 2, 2, 2]"
gleam,3,"alone[1, 2, 0, 0, 1]/plead[0, 2, 2, 2, 0]"
aloud,3,"sired[0, 0, 0, 0, 2]/bland[0, 2, 1, 0, 2]"
skate,3,"paint[0, 1, 0, 0, 1]/atoke[1, 1, 0, 1, 2]"
pause,3,"cream[0, 0, 1, 1, 0]/pates[2, 2, 0, 1, 1]"
deity,5,"sauce[0, 0, 0, 0, 1]/kvell[0, 0, 1, 0, 0]/defog[2, 2, 0, 0, 0]/derby[2, 2, 0, 0, 2]"
axiom,3,"adieu[2, 0, 2, 0, 0]/ayins[2, 0, 2, 0, 0]"
ought,3,"trace[1, 0, 0, 0, 0]/gutty[1, 2, 1, 1, 0]"
gassy,4,"salet[1, 2, 0, 0, 0]/maums[0, 2, 0, 0, 1]/gashy[2, 2, 2, 0, 2]"
regal,4,"tears[0, 2, 1, 1, 0]/remap[2, 2, 0, 2, 0]/rebar[2, 2, 0, 2, 1]"
skimp,4,"media[1, 0, 0, 1, 0]/omits[0, 1, 2, 0, 1]/slimy[2, 0, 2, 2, 0]"
druid,4,"tears[0, 0, 0, 1, 0]/primi[0, 2, 1, 0, 1]/irony[1, 2, 0, 0, 0]"
brood,4,"alone[0, 0, 2, 0, 0]/skort[0, 0, 2, 1, 0]/prodd[0, 2, 2, 1, 2]"
wimpy,3,"snare[0, 0, 0, 0, 0]/blimp[0, 0, 1, 1, 1]"
south,4,"worse[0, 2, 0, 1, 0]/cocas[0, 2, 0, 0, 1]/sooty[2, 2, 1, 2, 0]"
hotel,5,"cream[0, 0, 1, 0, 0]/gyves[0, 0, 0, 2, 0]/kideo[0, 0, 0, 2, 1]/objet[1, 0, 0, 2, 1]"
hoard,3,"roast[1, 2, 2, 0, 0]/board[0, 2, 2, 2, 2]"
stage,4,"alone[1, 0, 0, 0, 2]/phase[0, 0, 2, 1, 2]/suave[2, 0, 2, 0, 2]"
spark,3,"sauce[2, 1, 0, 0, 0]/spart[2, 2, 2, 2, 0]"
frame,3,"media[1, 1, 0, 0, 1]/ample[1, 1, 0, 0, 2]"
blood,3,"roast[0, 1, 0, 0, 0]/ommel[1, 0, 0, 0, 1]"
vinyl,4,"crate[0, 0, 0, 0, 0]/jouks[0, 0, 0, 0, 0]/blimy[0, 1, 1, 0, 1]"
radio,3,"adieu[1, 1, 1, 0, 0]/radii[2, 2, 2, 2, 1]"
omega,4,"drape[0, 0, 1, 0, 1]/hacek[0, 1, 0, 1, 0]/ament[1, 2, 2, 0, 0]"
wreak,6,"paint[0, 1, 0, 0, 0]/heals[0, 1, 1, 0, 0]/ameba[1, 0, 2, 0, 1]/freak[0, 2, 2, 2, 2]/creak[0, 2, 2, 2, 2]"
buggy,5,"react[0, 0, 0, 0, 0]/pubby[0, 2, 1, 1, 2]/bulls[2, 2, 0, 0, 0]/buddy[2, 2, 0, 0, 2]"
plain,4,"roast[0, 0, 2, 0, 0]/weamb[0, 0, 2, 0, 0]/glaik[0, 2, 2, 2, 0]"
ghost,4,"irate[0, 0, 0, 1, 0]/whoot[0, 2, 2, 1, 2]/shout[1, 2, 2, 0, 2]"
heard,2,"reast[1, 2, 2, 0, 0]"
ebony,5,"trace[0, 0, 0, 0, 1]/muses[0, 0, 0, 1, 0]/genip[0, 1, 1, 0, 0]/blend[1, 0, 1, 2, 0]"
umbra,3,"sired[0, 0, 1, 0, 0]/mhorr[1, 0, 0, 2, 1]"
brawl,5,"trace[0, 2, 2, 0, 0]/gravy[0, 2, 2, 0, 0]/wraps[1, 2, 2, 0, 0]/brawn[2, 2, 2, 2, 0]"
world,5,"drape[1, 1, 0, 0, 0]/odour[1, 1, 1, 0, 1]/sudor[0, 0, 1, 1, 1]/rorid[1, 2, 2, 0, 2]"
zebra,3,"reast[1, 2, 1, 0, 0]/neram[0, 2, 1, 1, 0]"
bosom,3,"tears[0, 0, 0, 0, 1]/disco[0, 0, 2, 0, 1]"
lumpy,4,"about[0, 0, 0, 1, 0]/undee[1, 0, 0, 0, 0]/lucky[2, 2, 0, 0, 2]"
plait,5,"prowl[2, 0, 0, 0, 1]/pells[2, 0, 1, 1, 0]/plunk[2, 2, 0, 0, 0]/plaza[2, 2, 2, 0, 1]"
deign,4,"snare[0, 1, 0, 0, 1]/vendu[0, 2, 1, 1, 0]/medin[0, 2, 1, 1, 2]"
blown,4,"salet[0, 0, 1, 0, 0]/plook[0, 2, 2, 1, 0]/blond[2, 2, 2, 1, 0]"
batch,4,"sired[0, 0, 0, 0, 0]/coxal[1, 0, 0, 1, 0]/yacht[0, 2, 1, 1, 1]"
acute,2,"sauce[0, 1, 2, 1, 2]"
slice,6,"worse[0, 0, 0, 1, 2]/spade[2, 0, 0, 0, 2]/styme[2, 0, 0, 0, 2]/singe[2, 1, 0, 0, 2]/seize[2, 1, 2, 0, 2]"
spoil,5,"sired[2, 1, 0, 0, 0]/swigs[2, 0, 1, 0, 1]/spahi[2, 2, 0, 0, 1]/split[2, 2, 1, 2, 0]"
puppy,6,"arise[0, 0, 0, 0, 0]/blunt[0, 0, 1, 0, 0]/muffy[0, 2, 0, 0, 2]/guppy[0, 2, 2, 2, 2]/yuppy[1, 2, 2, 2, 2]"
folio,4,"roast[0, 2, 0, 0, 0]/molly[0, 2, 2, 1, 0]/colon[0, 2, 2, 1, 0]"
rupee,3,"react[2, 1, 0, 0, 0]/rouse[2, 0, 1, 0, 2]"
trunk,4,"slate[0, 0, 0, 1, 0]/outgo[0, 1, 1, 0, 0]/truck[2, 2, 2, 0, 2]"
quote,5,"media[0, 1, 0, 0, 0]/howbe[0, 1, 0, 0, 2]/clove[0, 0, 2, 0, 2]/stone[0, 1, 2, 0, 2]"
brake,5,"reast[1, 1, 2, 0, 0]/crave[0, 2, 2, 0, 2]/grape[0, 2, 2, 0, 2]/drake[0, 2, 2, 2, 2]"
dowdy,6,"tears[0, 0, 0, 0, 0]/pinky[0, 0, 0, 0, 2]/boomy[0, 2, 1, 0, 2]/dodgy[2, 2, 1, 0, 2]/doyly[2, 2, 1, 0, 2]"
prong,5,"adieu[0, 0, 0, 0, 0]/loofs[0, 1, 2, 0, 0]/knock[0, 1, 2, 0, 0]/phony[2, 0, 2, 2, 0]"
ennui,5,"trace[0, 0, 0, 0, 1]/video[0, 1, 0, 1, 0]/kepis[0, 1, 0, 1, 0]/eying[2, 0, 1, 1, 0]"
cycle,3,"arise[0, 0, 0, 0, 2]/ploye[0, 1, 0, 1, 2]"
focus,4,"crane[1, 0, 0, 0, 0]/michi[0, 0, 2, 0, 0]/yucks[0, 1, 2, 0, 2]"
radii,4,"sauce[0, 2, 0, 0, 0]/ranny[2, 2, 0, 0, 0]/rapid[2, 2, 0, 2, 1]"
sunny,5,"about[0, 0, 0, 1, 0]/ruddy[0, 2, 0, 0, 2]/gunny[0, 2, 2, 2, 2]/nunny[1, 2, 2, 2, 2]"
plaza,5,"later[1, 1, 0, 0, 0]/shoal[0, 0, 0, 1, 1]/plaud[2, 2, 2, 0, 0]/plain[2, 2, 2, 0, 0]"
infer,5,"react[1, 1, 0, 0, 0]/shoer[0, 0, 0, 2, 2]/egger[1, 0, 0, 2, 2]/piper[0, 1, 0, 2, 2]"
femur,4,"trace[0, 1, 0, 0, 1]/dured[0, 1, 1, 1, 0]/rebus[1, 2, 0, 2, 0]"
grill,5,"trace[0, 2, 0, 0, 0]/drown[0, 2, 0, 0, 0]/krump[0, 2, 0, 0, 0]/frill[0, 2, 2, 2, 2]"
pubic,4,"snare[0, 0, 0, 0, 0]/potto[2, 0, 0, 0, 0]/pluck[2, 0, 1, 1, 0]"
bathe,3,"slate[0, 0, 1, 1, 2]/antre[1, 0, 2, 0, 2]"
snaky,5,"trace[0, 0, 2, 0, 0]/opals[0, 0, 2, 0, 1]/asada[1, 1, 2, 0, 1]/skank[2, 1, 2, 1, 1]"
kayak,4,"sauce[0, 2, 0, 0, 0]/tatty[0, 2, 0, 0, 1]/rayon[0, 2, 2, 0, 0]"
roger,3,"snare[0, 0, 0, 1, 1]/goier[1, 2, 0, 2, 2]"
newer,5,"sauce[0, 0, 0, 0, 1]/weber[1, 2, 0, 2, 2]/mewed[0, 2, 2, 2, 0]/yewen[0, 2, 2, 2, 1]"
match,10,"irate[0, 0, 1, 1, 0]/tansu[1, 2, 0, 0, 0]/yacht[0, 2, 1, 1, 1]/catch[1, 2, 2, 2, 2]/patch[0, 2, 2, 2, 2]/batch[0, 2, 2, 2, 2]/watch[0, 2, 2, 2, 2]/latch[0, 2, 2, 2, 2]/hatch[1, 2, 2, 2, 2]"
finch,4,"later[0, 0, 0, 0, 0]/yopos[0, 0, 0, 0, 0]/mimic[0, 2, 0, 1, 1]"
evict,3,"react[0, 1, 0, 2, 2]/edict[2, 0, 2, 2, 2]"
sumac,5,"irate[0, 0, 1, 0, 0]/nabby[0, 1, 0, 0, 0]/solah[2, 0, 0, 2, 0]/squad[2, 0, 1, 2, 0]"
diner,6,"roast[1, 0, 0, 0, 0]/lever[0, 1, 0, 2, 2]/fixer[0, 2, 0, 2, 2]/dicer[2, 2, 0, 2, 2]/direr[2, 2, 1, 2, 2]"
taffy,6,"worse[0, 0, 0, 0, 0]/iambi[0, 2, 0, 0, 0]/vaunt[0, 2, 0, 0, 1]/catty[0, 2, 1, 1, 2]/tadah[2, 2, 0, 1, 0]"
aglow,4,"tears[0, 0, 1, 0, 0]/cavil[0, 1, 0, 0, 1]/unlaw[0, 0, 2, 1, 2]"
hazel,6,"sired[0, 0, 0, 2, 0]/babel[0, 2, 0, 2, 2]/lapel[1, 2, 0, 2, 2]/camel[0, 2, 0, 2, 2]/gavel[0, 2, 0, 2, 2]"
quirk,3,"tears[0, 0, 0, 2, 0]/bourn[0, 0, 1, 2, 0]"
gipsy,4,"reast[0, 0, 0, 2, 0]/bussu[0, 0, 1, 2, 0]/knish[0, 0, 1, 2, 0]"
angle,4,"slate[0, 1, 1, 0, 2]/laide[1, 1, 0, 0, 2]/argle[2, 0, 2, 2, 2]"
tweet,4,"salet[0, 0, 0, 2, 2]/duvet[0, 0, 0, 2, 2]/remet[0, 1, 0, 2, 2]"
stare,4,"atone[1, 2, 0, 0, 2]/etage[1, 2, 2, 0, 2]/stave[2, 2, 2, 0, 2]"
reply,3,"alone[0, 1, 0, 0, 1]/yield[1, 0, 1, 2, 0]"
hoard,3,"roast[1, 2, 2, 0, 0]/coarb[0, 2, 2, 2, 0]"
lathe,6,"adieu[1, 0, 0, 1, 0]/ysame[0, 0, 1, 0, 2]/carve[0, 2, 0, 0, 2]/table[1, 2, 0, 1, 2]/latte[2, 2, 2, 1, 2]"
dizzy,4,"anime[0, 0, 1, 0, 0]/juris[0, 0, 0, 1, 0]/bilbo[0, 2, 0, 0, 0]"
spoon,5,"crane[0, 0, 0, 1, 0]/guqin[0, 0, 0, 0, 2]/hyson[0, 0, 1, 2, 2]/swoon[2, 0, 2, 2, 2]"
junto,4,"salet[0, 0, 0, 0, 1]/botch[0, 1, 1, 0, 0]/pinto[0, 0, 2, 2, 2]"
taken,3,"about[1, 0, 0, 0, 1]/taxed[2, 2, 0, 2, 0]"
pesto,5,"anime[0, 0, 0, 0, 1]/quell[0, 0, 1, 0, 0]/bored[0, 1, 0, 1, 0]/secco[1, 2, 0, 0, 2]"
anode,3,"anime[2, 2, 0, 0, 2]/anole[2, 2, 2, 0, 2]"
drawn,6,"about[1, 0, 0, 0, 0]/raker[1, 1, 0, 0, 1]/frail[0, 2, 2, 0, 0]/crass[0, 2, 2, 0, 0]/prawn[0, 2, 2, 2, 2]"
azure,4,"paint[0, 1, 0, 0, 0]/ajuga[2, 0, 2, 0, 1]/amuse[2, 0, 2, 0, 2]"
which,5,"adieu[0, 0, 2, 0, 0]/xviii[0, 0, 2, 1, 1]/whirl[2, 2, 2, 0, 0]/whiff[2, 2, 2, 0, 0]"
dingo,2,"media[0, 0, 1, 1, 0]"
towel,4,"salet[0, 0, 1, 2, 1]/liter[1, 0, 1, 2, 0]/tewel[2, 1, 2, 2, 2]"
brake,5,"anime[1, 0, 0, 0, 2]/crape[0, 2, 2, 0, 2]/erase[1, 2, 2, 0, 2]/drake[0, 2, 2, 2, 2]"
rower,6,"snare[0, 0, 0, 1, 1]/reccy[2, 1, 0, 0, 0]/rivet[2, 0, 0, 2, 0]/ruler[2, 0, 0, 2, 2]/roger[2, 2, 0, 2, 2]"
swept,5,"atone[0, 1, 0, 0, 1]/petty[1, 1, 1, 1, 0]/crept[0, 0, 2, 2, 2]/slept[2, 0, 2, 2, 2]"
marsh,4,"irate[0, 1, 1, 0, 0]/roosa[1, 0, 0, 2, 1]/harsh[1, 2, 2, 2, 2]"
mound,4,"alone[0, 0, 1, 2, 0]/boink[0, 2, 0, 2, 0]/mount[2, 2, 2, 2, 0]"
shoal,4,"reast[0, 0, 1, 1, 0]/gilas[0, 0, 1, 2, 1]/oasal[1, 1, 1, 2, 2]"
inlay,3,"paint[0, 1, 1, 1, 0]/nigua[1, 1, 0, 0, 1]"
waltz,6,"arise[1, 0, 0, 0, 0]/pucan[0, 0, 0, 1, 0]/flava[0, 1, 1, 0, 1]/ladoo[1, 2, 0, 0, 0]/bally[0, 2, 2, 1, 0]"
order,5,"slate[0, 0, 0, 0, 1]/merer[0, 1, 1, 2, 2]/breer[0, 2, 1, 2, 2]/drier[1, 2, 0, 2, 2]"
sower,3,"reast[1, 1, 0, 1, 0]/loser[0, 2, 1, 2, 2]"
preen,3,"drape[0, 2, 0, 1, 1]/preem[2, 2, 2, 2, 0]"
boast,4,"roast[0, 2, 2, 2, 2]/toast[1, 2, 2, 2, 2]/coast[0, 2, 2, 2, 2]"
stash,3,"anime[1, 0, 0, 0, 0]/focal[0, 0, 0, 1, 0]"
gorge,6,"cream[0, 1, 1, 0, 0]/fewer[0, 1, 0, 1, 1]/sorer[0, 2, 2, 1, 1]/borne[0, 2, 2, 0, 2]/horde[0, 2, 2, 0, 2]"
hotel,3,"irate[0, 0, 0, 1, 1]/hetes[2, 1, 2, 2, 0]"
seedy,5,"cream[0, 0, 2, 0, 0]/steps[2, 0, 2, 0, 1]/swell[2, 0, 2, 0, 0]/sheik[2, 0, 2, 0, 0]"
purge,3,"slate[0, 0, 0, 0, 2]/furze[0, 2, 2, 0, 2]"
tango,5,"snare[0, 1, 1, 0, 0]/japan[0, 2, 0, 1, 1]/ganch[1, 2, 2, 0, 0]/tangy[2, 2, 2, 2, 0]"
cause,5,"drape[0, 0, 1, 0, 2]/canoe[2, 2, 0, 0, 2]/cache[2, 2, 1, 0, 2]/caese[2, 2, 1, 2, 2]"
humid,4,"crate[0, 0, 0, 0, 0]/vinny[0, 1, 0, 0, 0]/sloid[0, 0, 0, 2, 2]"
thyme,5,"react[0, 1, 0, 0, 1]/zlote[0, 0, 0, 1, 2]/twine[2, 0, 0, 0, 2]/theme[2, 2, 1, 2, 2]"
third,4,"anime[0, 0, 2, 0, 0]/stirp[0, 1, 2, 2, 0]/thirl[2, 2, 2, 2, 0]"
drunk,3,"sired[0, 0, 1, 0, 1]/drack[2, 2, 0, 0, 2]"
lunar,3,"irate[0, 1, 1, 0, 0]/solar[0, 0, 1, 2, 2]"
sigma,4,"trace[0, 0, 1, 0, 0]/akoja[1, 0, 0, 0, 2]/spina[2, 0, 1, 0, 2]"
coyly,5,"media[0, 0, 0, 0, 0]/sooks[0, 2, 1, 0, 0]/court[2, 2, 0, 0, 0]/conch[2, 2, 0, 1, 0]"
fluke,4,"prowl[0, 0, 0, 0, 1]/qualm[0, 1, 0, 1, 0]/clued[0, 2, 2, 1, 0]"
brood,4,"tears[0, 0, 0, 1, 0]/hurly[0, 0, 1, 0, 0]/cromb[0, 2, 2, 0, 1]"
easel,3,"salet[1, 2, 1, 2, 0]/lased[1, 2, 2, 2, 0]"
chaff,3,"drape[0, 0, 2, 0, 0]/cyans[2, 0, 2, 0, 0]"
media,5,"later[0, 1, 0, 1, 0]/abode[1, 0, 0, 1, 1]/deawy[1, 2, 1, 0, 0]/sepad[0, 2, 0, 1, 1]"
whole,6,"about[0, 0, 2, 0, 0]/emoji[1, 0, 2, 0, 0]/prose[0, 0, 2, 0, 2]/ozone[1, 0, 2, 0, 2]/choke[0, 2, 2, 0, 2]"
score,4,"adieu[0, 0, 0, 1, 0]/ergot[1, 1, 0, 1, 0]/ochre[1, 2, 0, 2, 2]"
alarm,6,"about[2, 0, 0, 0, 0]/asdic[2, 0, 0, 0, 0]/alang[2, 2, 2, 0, 0]/alaap[2, 2, 2, 1, 0]/allel[2, 2, 1, 0, 1]"
drain,5,"sauce[0, 1, 0, 0, 0]/yorga[0, 0, 1, 0, 1]/trapt[0, 2, 2, 0, 0]/brand[0, 2, 2, 1, 1]"
unity,3,"alone[0, 0, 0, 1, 0]/sinhs[0, 1, 1, 0, 0]"
niece,5,"adieu[0, 0, 1, 1, 0]/thein[0, 0, 2, 1, 1]/moeni[0, 0, 2, 1, 1]/nieve[2, 2, 2, 0, 2]"
cable,5,"roast[0, 0, 1, 0, 0]/faggy[0, 2, 0, 0, 0]/zazen[0, 2, 0, 1, 0]/hable[0, 2, 2, 2, 2]"
quell,6,"irate[0, 0, 0, 0, 1]/egged[1, 0, 0, 1, 0]/skews[0, 0, 2, 0, 0]/peepy[0, 1, 2, 0, 0]/bleed[0, 1, 2, 1, 0]"
piece,6,"tears[0, 1, 0, 0, 0]/hygge[0, 0, 0, 0, 2]/molie[0, 0, 0, 1, 2]/juice[0, 0, 1, 2, 2]/niece[0, 2, 2, 2, 2]"
woken,6,"alone[0, 0, 1, 1, 1]/pengo[0, 1, 1, 0, 1]/moten[0, 2, 0, 2, 2]/cozen[0, 2, 0, 2, 2]/woven[2, 2, 0, 2, 2]"
vapor,4,"worse[0, 1, 1, 0, 0]/guiro[0, 0, 0, 1, 1]/proal[1, 1, 1, 1, 0]"
chirp,4,"later[0, 0, 0, 0, 1]/rubio[1, 0, 0, 1, 0]/crisp[2, 1, 2, 0, 2]"
grown,3,"trace[0, 2, 0, 0, 0]/drool[0, 2, 2, 1, 0]"
roomy,3,"cream[0, 1, 0, 0, 1]/murgh[1, 0, 1, 0, 0]"
tight,7,"prowl[0, 0, 0, 0, 0]/cusum[0, 0, 0, 0, 0]/yadda[0, 0, 0, 0, 0]/keeve[0, 0, 0, 0, 0]/fifth[0, 2, 0, 1, 1]/hight[1, 2, 2, 2, 2]"
quail,4,"worse[0, 0, 0, 0, 0]/fuggy[0, 2, 0, 0, 0]/pupil[0, 2, 0, 2, 2]"
medal,4,"salet[0, 1, 1, 1, 0]/flare[0, 1, 1, 0, 1]/decal[1, 2, 0, 2, 2]"
cyber,3,"sauce[0, 0, 0, 1, 1]/zebec[0, 1, 2, 2, 1]"
racer,3,"crane[1, 1, 1, 0, 1]/lacer[0, 2, 2, 2, 2]"
adobe,5,"salet[0, 1, 0, 1, 0]/grape[0, 0, 1, 0, 2]/avize[2, 0, 0, 0, 2]/anode[2, 0, 2, 1, 2]"
would,3,"react[0, 0, 0, 0, 0]/buoys[0, 1, 1, 0, 0]"
biome,6,"later[0, 0, 0, 1, 0]/peece[0, 1, 1, 0, 2]/oxeye[1, 0, 1, 0, 2]/skobe[0, 0, 2, 1, 2]/booze[2, 1, 2, 0, 2]"
gawky,5,"slate[0, 0, 1, 0, 0]/vacui[0, 2, 0, 0, 0]/ramon[0, 2, 0, 0, 0]/yakka[1, 2, 1, 2, 1]"
rocky,2,"snare[0, 0, 0, 1, 0]"
toxin,3,"sired[0, 1, 0, 0, 0]/tania[2, 0, 1, 2, 0]"
zebra,4,"arise[1, 1, 0, 0, 1]/extra[1, 0, 0, 2, 2]/opera[0, 0, 1, 2, 2]"
comma,3,"later[0, 1, 0, 0, 0]/dwams[0, 0, 1, 2, 0]"
fight,6,"later[0, 0, 1, 0, 0]/uncut[0, 0, 0, 0, 2]/stopt[0, 1, 0, 0, 2]/tight[1, 2, 2, 2, 2]/might[0, 2, 2, 2, 2]"
manly,3,"arise[1, 0, 0, 0, 0]/nabla[1, 2, 0, 2, 1]"
pedal,5,"sauce[0, 1, 0, 0, 1]/legal[1, 2, 0, 2, 2]/fetal[0, 2, 0, 2, 2]/medal[0, 2, 2, 2, 2]"
cocoa,4,"cream[2, 0, 0, 1, 0]/canst[2, 1, 0, 0, 0]/coaly[2, 2, 1, 0, 0]"
ahead,5,"prowl[0, 0, 0, 0, 0]/handi[1, 1, 0, 1, 0]/death[1, 1, 1, 0, 1]/ached[2, 0, 1, 1, 2]"
leash,3,"crate[0, 0, 2, 0, 1]/mealy[0, 2, 2, 1, 0]"
lover,6,"sauce[0, 0, 0, 0, 1]/reked[1, 1, 0, 2, 0]/forel[0, 2, 1, 2, 1]/loper[2, 2, 0, 2, 2]/lower[2, 2, 0, 2, 2]"
troll,4,"sired[0, 0, 1, 0, 0]/lunar[1, 0, 0, 0, 1]/crowl[0, 2, 2, 0, 2]"
tabby,4,"about[1, 1, 0, 0, 1]/kitab[0, 0, 1, 1, 1]/blats[1, 0, 1, 1, 0]"
smite,4,"crane[0, 0, 0, 0, 2]/didie[0, 1, 0, 1, 2]/oxime[0, 0, 2, 1, 2]"
chime,5,"reast[0, 1, 0, 0, 0]/codex[2, 0, 0, 1, 0]/check[2, 2, 1, 1, 0]/chile[2, 2, 2, 0, 2]"
joist,4,"react[0, 0, 0, 0, 2]/pfftt[0, 0, 0, 1, 2]/mount[0, 2, 0, 0, 2]"
mouse,4,"crane[0, 0, 0, 0, 2]/mille[2, 0, 0, 0, 2]/moose[2, 2, 1, 2, 2]"
flint,3,"roast[0, 0, 0, 0, 2]/filet[2, 1, 1, 0, 2]"
resin,4,"about[0, 0, 0, 0, 0]/swive[1, 0, 1, 0, 1]/diels[0, 1, 1, 0, 1]"
feral,4,"about[1, 0, 0, 0, 0]/ranke[1, 1, 0, 0, 1]/gerah[0, 2, 2, 2, 0]"
ruder,4,"sauce[0, 0, 1, 0, 1]/quiet[0, 2, 0, 2, 0]/runed[2, 2, 0, 2, 1]"
curry,3,"tears[0, 0, 0, 2, 0]/chirp[2, 0, 0, 2, 0]"
shire,3,"snare[2, 0, 0, 2, 2]/shore[2, 2, 0, 2, 2]"
stilt,5,"react[0, 0, 0, 0, 2]/night[0, 1, 0, 0, 2]/qubit[0, 0, 0, 1, 2]/odist[0, 0, 2, 1, 2]"
sever,7,"drape[0, 1, 0, 0, 1]/berry[0, 2, 1, 1, 0]/meter[0, 2, 0, 2, 2]/keyer[0, 2, 0, 2, 2]/leger[0, 2, 0, 2, 2]/renew[1, 2, 0, 2, 0]"
thorn,3,"trace[2, 1, 0, 0, 0]/tirls[2, 0, 1, 0, 0]"
mouth,5,"prowl[0, 0, 1, 0, 0]/hound[1, 2, 2, 0, 0]/bough[0, 2, 2, 0, 2]/couch[0, 2, 2, 0, 2]"
snack,5,"arise[1, 0, 0, 1, 0]/tanhs[0, 1, 1, 0, 1]/slang[2, 0, 2, 1, 0]/spawn[2, 0, 2, 0, 1]"
eking,6,"adieu[0, 0, 2, 1, 0]/twine[0, 0, 2, 2, 1]/veins[0, 1, 2, 2, 0]/ering[2, 0, 2, 2, 2]/eying[2, 0, 2, 2, 2]"
sooty,5,"drape[0, 0, 0, 0, 0]/blush[0, 0, 0, 1, 0]/gynos[0, 1, 0, 1, 1]/smoky[2, 0, 2, 0, 2]"
bleak,3,"crate[0, 0, 1, 0, 1]/baken[2, 1, 1, 1, 0]"
phone,5,"snare[0, 1, 0, 0, 2]/zinke[0, 0, 1, 0, 2]/noone[1, 1, 2, 2, 2]/clone[0, 0, 2, 2, 2]"
other,4,"reast[1, 1, 0, 0, 1]/tower[1, 1, 0, 2, 2]/opter[2, 0, 1, 2, 2]"
clove,5,"crate[2, 0, 0, 0, 2]/cloye[2, 2, 2, 0, 2]/clone[2, 2, 2, 0, 2]/close[2, 2, 2, 0, 2]"
shush,5,"salet[2, 0, 0, 0, 0]/shook[2, 2, 0, 0, 0]/shins[2, 2, 0, 0, 1]/shrug[2, 2, 0, 1, 0]"
swoon,4,"arise[0, 0, 0, 1, 0]/pungs[0, 0, 1, 0, 1]/snowk[2, 1, 2, 1, 0]"
anode,3,"media[0, 1, 1, 0, 1]/laned[0, 1, 1, 1, 1]"
oaken,4,"sauce[0, 2, 0, 0, 1]/baken[0, 2, 2, 2, 2]/taken[0, 2, 2, 2, 2]"
stalk,3,"salet[2, 1, 1, 0, 1]/stall[2, 2, 2, 2, 1]"
vigil,6,"worse[0, 0, 0, 0, 0]/paddy[0, 0, 0, 0, 0]/hutch[0, 0, 0, 0, 0]/blink[0, 1, 1, 0, 0]/villi[2, 2, 1, 1, 1]"
heard,4,"paint[0, 1, 0, 0, 0]/ahead[1, 1, 1, 1, 2]/heads[2, 2, 2, 1, 0]"
undue,4,"media[0, 1, 2, 0, 0]/todde[0, 0, 2, 1, 2]/nudge[1, 1, 2, 0, 2]"
tithe,5,"crane[0, 0, 0, 0, 2]/upsee[0, 0, 0, 1, 2]/fehme[0, 1, 1, 0, 2]/whole[0, 1, 0, 0, 2]"
anger,3,"irate[0, 1, 1, 0, 1]/denar[0, 1, 1, 1, 2]"
emcee,5,"about[0, 0, 0, 0, 0]/reeze[0, 1, 1, 0, 2]/clepe[1, 0, 1, 0, 2]/wince[0, 0, 0, 1, 2]"
plunk,5,"irate[0, 0, 0, 0, 0]/khoum[1, 0, 0, 1, 0]/bucku[0, 1, 0, 1, 1]/spunk[0, 1, 2, 2, 2]"
chuck,4,"adieu[0, 0, 0, 0, 1]/scout[0, 1, 0, 1, 0]/ruchy[0, 1, 1, 1, 0]"
juror,4,"arise[0, 1, 0, 0, 0]/yourt[0, 1, 1, 1, 0]/furor[0, 2, 2, 2, 2]"
robot,5,"salet[0, 0, 0, 0, 2]/chott[0, 0, 1, 1, 2]/griot[0, 1, 0, 2, 2]/torot[1, 2, 1, 2, 2]"
plank,5,"later[1, 1, 0, 0, 0]/clavi[0, 2, 2, 0, 0]/blank[0, 2, 2, 2, 2]/flank[0, 2, 2, 2, 2]"
beard,6,"paint[0, 1, 0, 0, 0]/leach[0, 2, 2, 0, 0]/rearm[1, 2, 2, 2, 0]/weary[0, 2, 2, 2, 0]/beare[2, 2, 2, 2, 1]"
skiff,5,"worse[0, 0, 0, 1, 0]/spina[2, 0, 2, 0, 0]/shits[2, 0, 2, 0, 1]/slily[2, 0, 2, 0, 0]"
grant,4,"crate[0, 2, 2, 1, 0]/trass[1, 2, 2, 0, 0]/graft[2, 2, 2, 0, 2]"
rural,5,"adieu[1, 0, 0, 0, 1]/unapt[1, 0, 1, 0, 0]/lubra[1, 2, 0, 1, 1]/rumal[2, 2, 0, 2, 2]"
slang,5,"irate[0, 0, 2, 0, 0]/aback[1, 0, 2, 0, 0]/loafs[1, 0, 2, 0, 1]/plash[0, 2, 2, 1, 0]"
dodge,4,"cream[0, 0, 1, 0, 0]/wyled[0, 0, 0, 1, 1]/dense[2, 1, 0, 0, 2]"
print,6,"prowl[2, 2, 0, 0, 0]/prude[2, 2, 0, 0, 0]/prism[2, 2, 2, 0, 0]/privy[2, 2, 2, 0, 0]/prick[2, 2, 2, 0, 0]"
zesty,3,"react[0, 2, 0, 0, 1]/teddy[1, 2, 0, 0, 2]"
froth,3,"irate[0, 2, 0, 2, 0]/troth[1, 2, 2, 2, 2]"
waist,5,"later[0, 2, 1, 0, 0]/tabby[1, 2, 0, 0, 0]/mafts[0, 2, 0, 1, 1]/saist[1, 2, 2, 2, 2]"
speck,4,"irate[0, 0, 0, 0, 1]/pelog[1, 1, 0, 0, 0]/speks[2, 2, 2, 1, 1]"
gamut,5,"drape[0, 0, 1, 0, 0]/lohan[0, 0, 0, 1, 0]/kamik[0, 2, 2, 0, 0]/gammy[2, 2, 2, 1, 0]"
rabid,5,"prowl[0, 1, 0, 0, 0]/saser[0, 2, 0, 0, 1]/fairy[0, 2, 1, 1, 0]/baric[1, 2, 1, 2, 0]"
crash,4,"worse[0, 0, 1, 2, 0]/truss[0, 2, 0, 2, 1]/brash[0, 2, 2, 2, 2]"
crass,7,"salet[1, 1, 0, 0, 0]/puyas[0, 0, 0, 1, 2]/odahs[0, 0, 2, 0, 2]/amass[1, 0, 2, 2, 2]/brass[0, 2, 2, 2, 2]/grass[0, 2, 2, 2, 2]"
shorn,3,"roast[1, 1, 0, 1, 0]/smore[2, 0, 2, 2, 0]"
retry,3,"cream[0, 1, 1, 0, 0]/kerry[0, 2, 1, 2, 2]"
mushy,4,"salet[1, 0, 0, 0, 0]/mohos[2, 0, 1, 0, 1]/misch[2, 0, 2, 0, 1]"
gaffe,6,"adieu[1, 0, 0, 1, 0]/zebra[0, 1, 0, 0, 1]/enact[1, 0, 1, 0, 0]/kayle[0, 2, 0, 0, 2]/masse[0, 2, 0, 0, 2]"
sheik,4,"arise[0, 0, 1, 1, 1]/tides[0, 1, 0, 1, 1]/sepic[2, 1, 0, 2, 0]"
share,4,"tears[0, 1, 2, 2, 1]/spare[2, 0, 2, 2, 2]/snare[2, 0, 2, 2, 2]"
whirl,6,"cream[0, 1, 0, 0, 0]/skrik[0, 0, 1, 1, 0]/ruing[1, 0, 2, 0, 0]/third[0, 2, 2, 2, 0]/whirr[2, 2, 2, 2, 1]"
rogue,4,"reast[2, 1, 0, 0, 0]/riven[2, 0, 0, 1, 0]/rheum[2, 0, 1, 2, 0]"
widow,4,"paint[0, 0, 1, 0, 0]/delis[1, 0, 0, 1, 0]/kiddo[0, 2, 2, 1, 1]"
ensue,5,"crate[0, 0, 0, 0, 2]/glede[0, 0, 1, 0, 2]/oxime[0, 0, 0, 0, 2]/sense[1, 1, 1, 1, 2]"
grown,4,"slate[0, 0, 0, 0, 0]/boggy[0, 1, 1, 1, 0]/group[2, 2, 2, 0, 0]"
bluff,5,"trace[0, 0, 0, 0, 0]/funny[1, 1, 0, 0, 0]/woful[0, 0, 1, 1, 1]/pluff[0, 2, 2, 2, 2]"
preen,3,"paint[2, 0, 0, 1, 0]/pheon[2, 0, 2, 0, 2]"
satin,3,"snare[2, 1, 1, 0, 0]/sabin[2, 2, 0, 2, 2]"
stiff,4,"react[0, 0, 0, 0, 1]/stull[2, 2, 0, 0, 0]/stook[2, 2, 0, 0, 0]"
align,3,"alone[2, 2, 0, 1, 0]/algin[2, 2, 1, 1, 2]"
crate,5,"paint[0, 1, 0, 0, 1]/stoas[0, 1, 0, 1, 0]/wrate[0, 2, 2, 2, 2]/grate[0, 2, 2, 2, 2]"
house,9,"adieu[0, 0, 0, 1, 1]/quete[0, 1, 1, 0, 2]/foule[0, 2, 2, 0, 2]/gouge[0, 2, 2, 0, 2]/coupe[0, 2, 2, 0, 2]/mouse[0, 2, 2, 2, 2]/souse[1, 2, 2, 2, 2]/rouse[0, 2, 2, 2, 2]"
going,4,"alone[0, 0, 1, 2, 0]/hound[0, 2, 0, 2, 0]/toing[0, 2, 2, 2, 2]"
baler,3,"later[1, 2, 0, 2, 2]/paler[0, 2, 2, 2, 2]"
husky,4,"drape[0, 0, 0, 0, 0]/hoofs[2, 0, 0, 0, 1]/hushy[2, 2, 2, 1, 2]"
motif,4,"sired[0, 1, 0, 0, 0]/inula[1, 0, 0, 0, 0]/yogic[0, 2, 0, 2, 0]"
preen,5,"worse[0, 0, 1, 0, 1]/inerm[0, 1, 2, 1, 0]/arena[0, 2, 2, 1, 0]/green[0, 2, 2, 2, 2]"
clump,3,"sauce[0, 0, 2, 1, 0]/clunk[2, 2, 2, 0, 0]"
grace,7,"anime[1, 0, 0, 0, 2]/grade[2, 2, 2, 0, 2]/graze[2, 2, 2, 0, 2]/grape[2, 2, 2, 0, 2]/grave[2, 2, 2, 0, 2]/grate[2, 2, 2, 0, 2]"
flaky,6,"crane[0, 0, 2, 0, 0]/baals[0, 1, 2, 1, 0]/plaid[0, 2, 2, 0, 0]/flamm[2, 2, 2, 0, 0]/flaff[2, 2, 2, 1, 1]"
grace,4,"sauce[0, 1, 0, 2, 2]/place[0, 0, 2, 2, 2]/brace[0, 2, 2, 2, 2]"
freak,5,"anime[1, 0, 0, 0, 1]/waded[0, 1, 0, 1, 0]/reata[1, 1, 1, 0, 1]/shear[0, 0, 2, 2, 1]"
ruder,4,"cream[0, 1, 1, 0, 0]/rivet[2, 0, 0, 2, 0]/rowed[2, 0, 0, 2, 1]"
false,3,"alone[1, 1, 0, 0, 2]/valve[0, 2, 2, 0, 2]"
rajah,7,"sauce[0, 2, 0, 0, 0]/balti[0, 2, 0, 0, 0]/gazar[0, 2, 0, 2, 1]/mammy[0, 2, 0, 0, 0]/parka[0, 2, 1, 0, 1]/favor[0, 2, 0, 0, 1]"
briny,3,"salet[0, 0, 0, 0, 0]/bippy[2, 1, 0, 0, 2]"
wryly,4,"snare[0, 0, 0, 1, 0]/grith[0, 2, 0, 0, 0]/drool[0, 2, 0, 0, 1]"
rhino,4,"media[0, 0, 0, 1, 0]/winky[0, 1, 1, 0, 0]/pring[0, 1, 2, 2, 0]"
north,4,"cream[0, 1, 0, 0, 0]/sword[0, 0, 1, 1, 0]/routh[1, 2, 0, 2, 2]"
bless,4,"crane[0, 0, 0, 0, 1]/pleep[0, 2, 2, 1, 0]/sleys[1, 2, 2, 0, 2]"
churn,3,"crate[2, 1, 0, 0, 0]/courb[2, 0, 2, 2, 0]"
riper,6,"sired[0, 2, 1, 2, 0]/liter[0, 2, 0, 2, 2]/viner[0, 2, 0, 2, 2]/fixer[0, 2, 0, 2, 2]/piper[1, 2, 2, 2, 2]"
waive,6,"atone[1, 0, 0, 0, 2]/ragee[0, 2, 0, 1, 2]/fable[0, 2, 0, 0, 2]/hause[0, 2, 0, 0, 2]/maize[0, 2, 2, 0, 2]"
pearl,5,"adieu[1, 0, 0, 1, 0]/vatje[0, 1, 0, 0, 1]/renga[1, 2, 0, 0, 1]/serac[0, 2, 1, 1, 0]"
these,4,"crate[0, 0, 0, 1, 2]/tophe[2, 0, 0, 1, 2]/theme[2, 2, 2, 0, 2]"
shrew,4,"worse[1, 0, 2, 1, 1]/strew[2, 0, 2, 2, 2]/screw[2, 0, 2, 2, 2]"
grate,4,"trace[1, 2, 2, 0, 2]/prate[0, 2, 2, 2, 2]/irate[0, 2, 2, 2, 2]"
pitch,3,"reast[0, 0, 0, 0, 1]/outdo[0, 0, 2, 0, 0]"
dicey,4,"about[0, 0, 0, 0, 0]/elegy[1, 0, 1, 0, 2]/dryer[2, 0, 1, 2, 0]"
child,5,"atone[0, 0, 0, 0, 0]/imlis[1, 0, 1, 1, 0]/plips[0, 1, 2, 0, 0]/grill[0, 0, 2, 2, 1]"
mango,3,"atone[1, 0, 1, 1, 0]/wagon[0, 2, 1, 1, 1]"
strut,4,"react[1, 0, 0, 0, 2]/droit[0, 1, 0, 0, 2]/burnt[0, 1, 2, 0, 2]"
windy,5,"arise[0, 0, 1, 0, 0]/piggy[0, 2, 0, 0, 2]/milly[0, 2, 0, 0, 2]/biddy[0, 2, 1, 2, 2]"
verge,5,"atone[0, 0, 0, 0, 2]/deuce[0, 2, 0, 0, 2]/gerle[1, 2, 2, 0, 2]/merge[0, 2, 2, 2, 2]"
fritz,4,"prowl[0, 2, 0, 0, 0]/drier[0, 2, 2, 0, 1]/briks[0, 2, 2, 0, 0]"
wrist,4,"tears[1, 0, 0, 1, 1]/rosti[1, 0, 1, 1, 1]/sprit[1, 0, 1, 1, 2]"
apnea,3,"alone[2, 0, 0, 1, 1]/acned[2, 0, 2, 2, 0]"
china,4,"later[0, 1, 0, 0, 0]/jihad[0, 1, 1, 1, 0]/chain[2, 2, 1, 1, 1]"
widow,3,"about[0, 0, 1, 0, 0]/milor[0, 2, 0, 2, 0]"
chest,3,"arise[0, 0, 0, 2, 1]/chess[2, 2, 2, 2, 1]"
kinky,3,"paint[0, 0, 1, 1, 0]/minke[0, 2, 2, 2, 0]"
elite,5,"later[1, 0, 1, 1, 0]/knelt[0, 0, 1, 1, 1]/volte[0, 0, 1, 2, 2]/elute[2, 2, 0, 2, 2]"
extra,3,"salet[0, 1, 0, 1, 1]/retam[1, 1, 2, 1, 0]"
shall,4,"prowl[0, 0, 0, 0, 2]/quill[0, 0, 0, 2, 2]/stall[2, 0, 2, 2, 2]"
penny,5,"sauce[0, 0, 0, 0, 1]/ommel[0, 0, 0, 1, 0]/peepy[2, 2, 1, 1, 2]/perky[2, 2, 0, 0, 2]"
nicer,4,"alone[0, 0, 0, 1, 1]/inert[1, 1, 1, 1, 0]/riven[1, 2, 0, 2, 1]"
risen,4,"media[0, 1, 0, 1, 0]/piker[0, 2, 0, 2, 1]/rines[2, 2, 1, 2, 1]"
demon,5,"crate[0, 0, 0, 0, 1]/ooped[1, 1, 0, 1, 1]/yowed[0, 1, 0, 1, 1]/pedos[0, 2, 1, 2, 0]"
chafe,6,"paint[0, 1, 0, 0, 0]/debar[0, 1, 0, 1, 0]/chela[2, 2, 1, 0, 1]/chace[2, 2, 2, 1, 2]/chase[2, 2, 2, 0, 2]"
squat,3,"about[1, 0, 0, 1, 2]/naunt[0, 1, 2, 0, 2]"
price,4,"drape[0, 2, 0, 1, 2]/prime[2, 2, 2, 0, 2]/prize[2, 2, 2, 0, 2]"
awake,5,"media[0, 1, 0, 0, 1]/gavel[0, 1, 0, 1, 0]/whear[1, 0, 1, 1, 0]/knawe[1, 0, 2, 1, 2]"
folly,4,"snare[0, 0, 0, 0, 0]/phlox[0, 0, 2, 1, 0]/folio[2, 2, 2, 0, 1]"
inner,4,"slate[0, 0, 0, 0, 1]/ooped[0, 0, 0, 2, 0]/chief[0, 0, 1, 2, 0]"
glean,3,"crate[0, 0, 1, 0, 1]/gleam[2, 2, 2, 2, 0]"
brown,4,"anime[0, 1, 0, 0, 0]/nohow[1, 1, 0, 1, 1]/stoun[0, 0, 2, 0, 2]"
stead,4,"media[0, 1, 1, 0, 1]/dales[1, 1, 0, 1, 1]/spade[2, 0, 1, 1, 1]"
creep,4,"crate[2, 2, 0, 0, 1]/creel[2, 2, 2, 2, 0]/creed[2, 2, 2, 2, 0]"
swoop,5,"anime[0, 0, 0, 0, 0]/shock[2, 0, 2, 0, 0]/slopy[2, 0, 2, 1, 0]/spoor[2, 1, 2, 2, 0]"
ranch,6,"slate[0, 0, 1, 0, 0]/anyon[1, 1, 0, 0, 1]/varan[0, 2, 1, 1, 1]/nadir[1, 2, 0, 0, 1]/ranga[2, 2, 2, 0, 1]"
array,5,"media[0, 0, 0, 0, 1]/cauls[0, 1, 0, 0, 0]/roaky[1, 0, 1, 0, 2]/angry[2, 0, 0, 1, 2]"
bunny,5,"drape[0, 0, 0, 0, 0]/winch[0, 0, 2, 0, 0]/oonts[0, 0, 2, 0, 0]/nunny[1, 2, 2, 2, 2]"
jazzy,4,"crate[0, 0, 1, 0, 0]/halfa[0, 2, 0, 0, 1]/wasps[0, 2, 0, 0, 0]"
stein,3,"irate[1, 0, 0, 1, 1]/besit[0, 1, 1, 2, 1]"
elude,4,"paint[0, 0, 0, 0, 0]/rogue[0, 0, 0, 1, 2]/lumme[1, 1, 0, 0, 2]"
organ,4,"anime[1, 1, 0, 0, 0]/honan[0, 1, 1, 2, 2]/groan[1, 2, 1, 2, 2]"
lying,3,"atone[0, 0, 0, 2, 0]/curns[0, 0, 0, 2, 0]"
waive,3,"later[0, 2, 0, 1, 0]/wacke[2, 2, 0, 0, 2]"
scrap,5,"about[1, 0, 0, 0, 0]/repay[1, 0, 1, 2, 0]/pirai[1, 0, 2, 2, 0]/carap[1, 1, 2, 2, 2]"
overt,5,"crane[0, 1, 0, 0, 1]/sexer[0, 1, 0, 1, 1]/toter[1, 1, 1, 1, 1]/ofter[2, 0, 1, 1, 1]"
crowd,4,"irate[0, 2, 0, 0, 0]/proof[0, 2, 2, 1, 0]/crows[2, 2, 2, 2, 0]"
miner,7,"react[1, 1, 0, 0, 0]/fiber[0, 2, 0, 2, 2]/wider[0, 2, 0, 2, 2]/liver[0, 2, 0, 2, 2]/mimer[2, 2, 1, 2, 2]/miser[2, 2, 0, 2, 2]"
tubal,3,"drape[0, 0, 1, 0, 0]/bajan[1, 1, 0, 2, 0]"
caper,4,"salet[0, 2, 0, 2, 0]/payee[1, 2, 0, 2, 1]/gaper[0, 2, 2, 2, 2]"
bleed,5,"sauce[0, 0, 0, 0, 1]/ephod[1, 0, 0, 0, 2]/dined[1, 0, 0, 2, 2]/breed[2, 0, 2, 2, 2]"
decor,3,"reast[1, 2, 0, 0, 0]/perle[0, 2, 1, 0, 1]"
miner,5,"later[0, 0, 0, 2, 2]/power[0, 0, 0, 2, 2]/niger[1, 2, 0, 2, 2]/biner[0, 2, 2, 2, 2]"
toxin,4,"atone[0, 1, 1, 1, 0]/tongs[2, 2, 1, 0, 0]/toyon[2, 2, 0, 1, 2]"
twine,5,"tears[2, 1, 0, 0, 0]/tweel[2, 2, 1, 1, 0]/twice[2, 2, 2, 0, 2]/twite[2, 2, 2, 1, 2]"
heavy,4,"prowl[0, 0, 0, 0, 0]/hanse[2, 1, 0, 0, 1]/heath[2, 2, 2, 0, 1]"
meant,3,"atone[1, 1, 0, 2, 1]/leant[0, 2, 2, 2, 2]"
cramp,5,"crate[2, 2, 2, 0, 0]/crazy[2, 2, 2, 0, 0]/crans[2, 2, 2, 0, 0]/crawl[2, 2, 2, 0, 0]"
adapt,4,"irate[0, 0, 2, 1, 0]/twals[1, 0, 2, 0, 0]/amaut[2, 0, 2, 0, 2]"
theft,3,"paint[0, 0, 0, 0, 2]/smelt[0, 0, 2, 0, 2]"
stomp,5,"drape[0, 0, 0, 1, 0]/lupus[0, 0, 1, 0, 1]/spook[2, 1, 2, 1, 0]/stowp[2, 2, 2, 0, 2]"
latch,5,"drape[0, 0, 1, 0, 0]/jaggs[0, 2, 0, 0, 0]/naily[0, 2, 0, 1, 0]/malva[0, 2, 1, 0, 1]"
slyly,4,"about[0, 0, 0, 0, 0]/whews[0, 0, 0, 0, 1]/scifi[2, 0, 0, 0, 0]"
humus,4,"snare[1, 0, 0, 0, 0]/podos[0, 0, 0, 0, 2]/milfs[1, 0, 0, 0, 2]"
bloke,5,"media[0, 1, 0, 0, 0]/cuvee[0, 0, 0, 1, 2]/posse[0, 1, 0, 0, 2]/grone[0, 0, 2, 0, 2]"
maize,3,"prowl[0, 0, 0, 0, 0]/dusty[0, 0, 0, 0, 0]"
tiger,4,"sauce[0, 0, 0, 0, 1]/mozed[0, 0, 0, 2, 0]/egret[1, 1, 1, 2, 1]"
gumbo,3,"salet[0, 0, 0, 0, 0]/chino[0, 0, 0, 0, 2]"
tense,4,"arise[0, 0, 0, 2, 2]/geese[0, 2, 1, 2, 2]/dense[0, 2, 2, 2, 2]"
paddy,6,"tears[0, 0, 1, 0, 0]/unbag[0, 0, 0, 1, 0]/khoja[0, 0, 0, 0, 1]/laldy[0, 2, 0, 2, 2]/daddy[1, 2, 2, 2, 2]"
leaky,4,"atone[1, 0, 0, 0, 1]/braes[0, 0, 2, 1, 0]/email[1, 0, 2, 0, 1]"
kayak,5,"adieu[1, 0, 0, 0, 0]/charr[0, 0, 1, 0, 0]/togas[0, 0, 0, 2, 0]/bylaw[0, 1, 0, 2, 0]"
groom,6,"roast[1, 1, 0, 0, 0]/oiler[1, 0, 0, 0, 1]/frock[0, 2, 2, 0, 0]/wrong[0, 2, 2, 0, 1]/group[2, 2, 2, 0, 0]"
shrub,4,"later[0, 0, 0, 0, 1]/druid[0, 1, 1, 0, 0]/shrug[2, 2, 2, 2, 0]"
shame,5,"trace[0, 0, 2, 0, 2]/flake[0, 0, 2, 0, 2]/spade[2, 0, 2, 0, 2]/suave[2, 0, 2, 0, 2]"
plant,4,"atone[1, 1, 0, 2, 0]/saint[0, 1, 0, 2, 2]/trant[1, 0, 2, 2, 2]"
lofty,5,"paint[0, 0, 0, 0, 1]/tewed[1, 0, 0, 0, 0]/shtum[0, 0, 1, 0, 0]/rorty[0, 2, 0, 2, 2]"
raspy,5,"cream[0, 1, 0, 1, 0]/rafty[2, 2, 0, 0, 2]/rainy[2, 2, 0, 0, 2]/rally[2, 2, 0, 0, 2]"
prime,5,"roast[1, 0, 0, 0, 0]/umbre[0, 1, 0, 1, 2]/creme[0, 2, 1, 2, 2]/grime[0, 2, 2, 2, 2]"
regal,5,"alone[1, 1, 0, 0, 1]/baels[0, 1, 1, 1, 0]/hemal[0, 2, 0, 2, 2]/recal[2, 2, 0, 2, 2]"
fussy,4,"arise[0, 0, 0, 2, 0]/ytost[1, 0, 0, 2, 0]/hussy[0, 2, 2, 2, 2]"
rugby,5,"about[0, 1, 0, 1, 0]/cubeb[0, 2, 1, 0, 1]/buzzy[1, 2, 0, 0, 2]/jumby[0, 2, 0, 2, 2]"
queen,6,"cream[0, 0, 2, 0, 0]/speed[0, 0, 2, 2, 0]/nieve[1, 0, 2, 0, 1]/wheen[0, 0, 2, 2, 2]/queyn[2, 2, 2, 0, 2]"
assay,3,"later[0, 1, 0, 0, 0]/audio[2, 0, 0, 0, 0]"
finer,4,"atone[0, 0, 0, 1, 1]/neigh[1, 1, 1, 0, 0]/miner[0, 2, 2, 2, 2]"
guilt,6,"reast[0, 0, 0, 0, 2]/whift[0, 0, 2, 0, 2]/joint[0, 0, 2, 0, 2]/quilt[0, 2, 2, 2, 2]/built[0, 2, 2, 2, 2]"
baste,5,"drape[0, 0, 1, 0, 2]/gamme[0, 2, 0, 0, 2]/tawie[1, 2, 0, 0, 2]/bathe[2, 2, 1, 0, 2]"
probe,5,"paint[2, 0, 0, 0, 0]/purer[2, 0, 1, 1, 1]/prove[2, 2, 2, 0, 2]/prose[2, 2, 2, 0, 2]"
abuse,4,"trace[0, 0, 1, 0, 2]/gauge[0, 1, 2, 0, 2]/amuse[2, 0, 2, 2, 2]"
along,4,"cream[0, 0, 0, 1, 0]/sputa[0, 0, 0, 0, 1]/liang[1, 0, 1, 2, 2]"
carol,4,"worse[0, 1, 2, 0, 0]/narod[0, 2, 2, 2, 0]/taroc[0, 2, 2, 2, 1]"
river,4,"prowl[0, 1, 0, 0, 0]/afret[0, 0, 1, 2, 0]/rived[2, 2, 2, 2, 0]"
pique,6,"arise[0, 0, 1, 0, 2]/hithe[0, 2, 0, 0, 2]/bible[0, 2, 0, 0, 2]/niece[0, 2, 1, 0, 2]/didie[0, 2, 0, 1, 2]"
mower,4,"worse[1, 2, 1, 0, 1]/cower[0, 2, 2, 2, 2]/lower[0, 2, 2, 2, 2]"
twice,5,"drape[0, 0, 0, 0, 2]/queme[0, 0, 1, 0, 2]/bonze[0, 0, 0, 0, 2]/istle[1, 0, 1, 0, 2]"
allay,6,"about[2, 0, 0, 0, 0]/aheap[2, 0, 0, 2, 0]/annas[2, 0, 0, 2, 0]/alfas[2, 2, 0, 2, 0]/alarm[2, 2, 1, 0, 0]"
burly,4,"cream[0, 1, 0, 0, 0]/korus[0, 0, 2, 1, 0]/gurry[0, 2, 2, 1, 2]"
mover,5,"adieu[0, 0, 0, 2, 0]/speel[0, 0, 1, 2, 0]/hogen[0, 2, 0, 2, 0]/boxer[0, 2, 0, 2, 2]"
photo,4,"atone[0, 1, 2, 0, 0]/spout[0, 1, 2, 0, 1]/troop[1, 0, 2, 1, 1]"
tulle,2,"slate[0, 1, 0, 1, 2]"
crony,4,"arise[0, 2, 0, 0, 0]/dryly[0, 2, 1, 0, 2]/proxy[0, 2, 2, 0, 2]"
haunt,3,"roast[0, 0, 1, 0, 2]/fault[0, 2, 2, 0, 2]"
natal,4,"worse[0, 0, 0, 0, 0]/input[0, 1, 0, 0, 1]/tanga[1, 2, 1, 0, 1]"
waver,5,"roast[1, 0, 1, 0, 0]/purau[0, 0, 1, 1, 0]/waker[2, 2, 0, 2, 2]/wager[2, 2, 0, 2, 2]"
could,4,"slate[0, 1, 0, 0, 0]/lying[1, 0, 0, 0, 0]/jollo[0, 2, 1, 2, 1]"
antic,3,"about[2, 0, 0, 0, 1]/antes[2, 2, 2, 0, 0]"
wreck,3,"sauce[0, 0, 0, 2, 1]/erect[1, 2, 2, 2, 0]"
widen,5,"salet[0, 0, 0, 2, 0]/honey[0, 0, 1, 2, 0]/numen[1, 0, 0, 2, 2]/riven[0, 2, 0, 2, 2]"
butch,5,"crane[1, 0, 0, 0, 0]/juicy[0, 2, 0, 2, 0]/dutch[0, 2, 2, 2, 2]/hutch[1, 2, 2, 2, 2]"
decal,3,"reast[0, 2, 1, 0, 0]/fecal[0, 2, 2, 2, 2]"
debut,4,"roast[0, 0, 0, 0, 2]/wight[0, 0, 0, 0, 2]/tenet[1, 2, 0, 1, 2]"
conch,5,"irate[0, 0, 0, 0, 0]/mochs[0, 2, 1, 1, 0]/pouch[0, 2, 0, 2, 2]/cooch[2, 2, 1, 2, 2]"
conch,4,"paint[0, 0, 0, 1, 0]/dunks[0, 0, 2, 0, 0]/venom[0, 0, 2, 1, 0]"
creek,3,"atone[0, 0, 0, 0, 1]/grees[0, 2, 2, 2, 0]"
ebony,4,"arise[0, 0, 0, 0, 1]/leggy[0, 1, 0, 0, 2]/chevy[0, 0, 1, 0, 2]"
sprig,4,"adieu[0, 0, 1, 0, 0]/titty[0, 1, 0, 0, 0]/logic[0, 0, 1, 2, 0]"
royal,4,"cream[0, 1, 0, 2, 0]/lidar[1, 0, 0, 2, 1]/poral[0, 2, 1, 2, 2]"
pulse,5,"irate[0, 0, 0, 0, 2]/obese[0, 0, 1, 2, 2]/desse[0, 1, 1, 2, 2]/sluse[1, 1, 1, 2, 2]"
pudgy,4,"trace[0, 0, 0, 0, 0]/bohos[0, 0, 0, 0, 0]/mungi[0, 2, 0, 2, 0]"
borax,5,"drape[0, 1, 1, 0, 0]/rahui[1, 1, 0, 0, 0]/solar[0, 2, 0, 2, 1]/foray[0, 2, 2, 2, 0]"
stork,6,"sauce[2, 0, 0, 0, 0]/ships[2, 0, 0, 0, 1]/slyly[2, 0, 0, 0, 0]/sword[2, 0, 2, 2, 0]/skort[2, 1, 2, 2, 1]"
itchy,4,"arise[0, 0, 1, 0, 0]/bizzo[0, 1, 0, 0, 0]/until[0, 0, 1, 1, 0]"
spilt,3,"salet[2, 0, 1, 0, 2]/stilt[2, 1, 2, 2, 2]"
thing,5,"anime[0, 1, 2, 0, 0]/swing[0, 0, 2, 2, 2]/cling[0, 0, 2, 2, 2]/tying[2, 0, 2, 2, 2]"
speak,5,"reast[0, 1, 1, 1, 0]/asses[1, 1, 1, 1, 1]/vades[0, 1, 0, 1, 1]/sneak[2, 0, 2, 2, 2]"
whisk,3,"roast[0, 0, 0, 2, 0]/swish[1, 1, 2, 2, 1]"
forte,2,"irate[0, 1, 0, 2, 2]"
grace,5,"reast[1, 1, 2, 0, 0]/graze[2, 2, 2, 0, 2]/grave[2, 2, 2, 0, 2]/grade[2, 2, 2, 0, 2]"
peace,5,"prowl[2, 0, 0, 0, 0]/patka[2, 1, 0, 0, 1]/pinda[2, 0, 0, 0, 1]/peach[2, 2, 2, 2, 0]"
dowry,4,"crate[0, 1, 0, 0, 0]/worky[1, 2, 1, 0, 2]/rowdy[1, 2, 2, 1, 2]"
knack,4,"alone[1, 0, 0, 1, 0]/fands[0, 1, 1, 0, 0]/mikan[0, 0, 1, 1, 1]"
rayon,5,"paint[0, 2, 0, 1, 0]/dandy[0, 2, 1, 0, 1]/yamen[1, 2, 0, 0, 2]/sayon[0, 2, 2, 2, 2]"
modal,6,"slate[0, 1, 1, 0, 0]/nawal[0, 1, 0, 2, 2]/arval[1, 0, 0, 2, 2]/offal[1, 0, 0, 2, 2]/domal[1, 2, 1, 2, 2]"
rocky,5,"irate[0, 1, 0, 0, 0]/ruffs[2, 0, 0, 0, 0]/rowdy[2, 2, 0, 0, 2]/roomy[2, 2, 1, 0, 2]"
wordy,5,"roast[1, 2, 0, 0, 0]/lorel[0, 2, 2, 0, 0]/forgo[0, 2, 2, 0, 1]/porny[0, 2, 2, 0, 2]"
smell,4,"media[1, 1, 0, 0, 0]/cumec[0, 0, 1, 1, 0]/poems[0, 0, 2, 1, 1]"
owing,5,"irate[1, 0, 0, 0, 0]/mukim[0, 0, 0, 1, 0]/sighs[0, 1, 1, 0, 0]/vying[0, 0, 2, 2, 2]"
slick,5,"arise[0, 0, 2, 1, 0]/spims[2, 0, 2, 0, 1]/sting[2, 0, 2, 0, 0]/skiff[2, 1, 2, 0, 0]"
forth,5,"arise[0, 1, 0, 0, 0]/wormy[0, 2, 2, 0, 0]/porno[0, 2, 2, 0, 1]/torot[1, 2, 2, 1, 1]"
budge,6,"slate[0, 0, 0, 0, 2]/crore[0, 0, 0, 0, 2]/dixie[1, 0, 0, 0, 2]/nudge[0, 2, 2, 2, 2]/judge[0, 2, 2, 2, 2]"
short,6,"adieu[0, 0, 0, 0, 0]/lynch[0, 0, 0, 0, 1]/whows[0, 2, 2, 0, 1]/shook[2, 2, 2, 1, 0]/shott[2, 2, 2, 1, 2]"
plait,3,"media[0, 0, 0, 2, 1]/allin[1, 2, 1, 2, 0]"
vowel,6,"anime[0, 0, 0, 0, 1]/sexts[0, 1, 0, 0, 0]/ugged[0, 0, 0, 2, 0]/corer[0, 2, 0, 2, 0]/hovel[0, 2, 1, 2, 2]"
thyme,4,"roast[0, 0, 0, 0, 1]/flite[0, 0, 0, 1, 2]/mtepe[1, 1, 1, 0, 2]"
dingo,4,"atone[0, 0, 1, 1, 0]/sonic[0, 1, 2, 1, 0]/bingo[0, 2, 2, 2, 2]"
sperm,3,"tears[0, 1, 0, 2, 1]/skyre[2, 0, 0, 2, 1]"
decay,4,"paint[0, 1, 0, 0, 0]/cream[1, 0, 1, 2, 0]/fecal[0, 2, 2, 2, 0]"
stove,7,"paint[0, 0, 0, 0, 1]/dowts[0, 1, 0, 1, 1]/tsubo[1, 1, 0, 0, 1]/stoke[2, 2, 2, 0, 2]/store[2, 2, 2, 0, 2]/stole[2, 2, 2, 0, 2]"
nasal,4,"irate[0, 0, 1, 0, 0]/sango[1, 2, 1, 0, 0]/napas[2, 2, 0, 2, 1]"
abuse,2,"sauce[1, 1, 2, 0, 2]"
flunk,5,"adieu[0, 0, 0, 0, 1]/ruchy[0, 1, 0, 0, 0]/sluts[0, 2, 2, 0, 0]/pluff[0, 2, 2, 1, 1]"
dealt,3,"salet[0, 1, 1, 1, 2]/exalt[1, 0, 2, 2, 2]"
lowly,4,"worse[1, 2, 0, 0, 0]/powny[0, 2, 2, 0, 2]/dowdy[0, 2, 2, 0, 2]"
folly,6,"drape[0, 0, 0, 0, 0]/stool[0, 0, 1, 1, 1]/nobly[0, 2, 0, 2, 2]/lolly[1, 2, 2, 2, 2]/jolly[0, 2, 2, 2, 2]"
ember,4,"reast[1, 1, 0, 0, 0]/gruel[0, 1, 0, 2, 0]/hover[0, 0, 0, 2, 2]"
shank,4,"anime[1, 1, 0, 0, 0]/urban[0, 0, 0, 1, 1]/thank[0, 2, 2, 2, 2]"
fried,7,"prowl[0, 2, 0, 0, 0]/brink[0, 2, 2, 0, 0]/erica[1, 2, 2, 0, 0]/gride[0, 2, 2, 1, 1]/drier[1, 2, 2, 2, 1]/tried[0, 2, 2, 2, 2]"
scamp,3,"slate[2, 0, 2, 0, 0]/spacy[2, 1, 2, 1, 0]"
heart,3,"slate[0, 0, 2, 1, 1]/teary[1, 2, 2, 2, 0]"
bride,4,"snare[0, 0, 0, 1, 2]/horme[0, 0, 1, 0, 2]/frite[0, 2, 2, 0, 2]"
trite,5,"reast[1, 1, 0, 0, 1]/trove[2, 2, 0, 0, 2]/trice[2, 2, 2, 0, 2]/tribe[2, 2, 2, 0, 2]"
impel,4,"cream[0, 0, 1, 0, 1]/unmet[0, 0, 1, 2, 0]/meles[1, 1, 1, 2, 0]"
moult,6,"trace[1, 0, 0, 0, 0]/sixty[0, 0, 0, 1, 0]/unkut[1, 0, 0, 1, 2]/outdo[1, 1, 1, 0, 1]/pluot[0, 1, 2, 1, 2]"
along,4,"cream[0, 0, 0, 1, 0]/glads[1, 2, 1, 0, 0]/align[2, 2, 0, 1, 1]"
eater,5,"sired[0, 0, 1, 2, 0]/hazer[0, 2, 0, 2, 2]/raver[1, 2, 0, 2, 2]/lager[0, 2, 0, 2, 2]"
steer,4,"later[0, 0, 1, 2, 2]/truer[1, 1, 0, 2, 2]/other[0, 2, 0, 2, 2]"
along,6,"reast[0, 0, 1, 0, 0]/vocal[0, 1, 0, 1, 1]/paoli[0, 1, 2, 1, 0]/aloof[2, 2, 2, 1, 0]/aloud[2, 2, 2, 0, 0]"
steed,4,"alone[0, 0, 0, 0, 1]/super[2, 0, 0, 2, 0]/sheet[2, 0, 2, 2, 1]"
pulpy,3,"salet[0, 0, 2, 0, 0]/pilon[2, 0, 2, 0, 0]"
flush,4,"crate[0, 0, 0, 0, 0]/quoll[0, 1, 0, 1, 1]/slump[1, 2, 2, 0, 0]"
masse,5,"paint[0, 2, 0, 0, 0]/vasal[0, 2, 2, 1, 0]/gassy[0, 2, 2, 2, 0]/massa[2, 2, 2, 2, 1]"
frost,5,"drape[0, 2, 0, 0, 0]/trugo[1, 2, 0, 0, 1]/broth[0, 2, 2, 1, 0]/front[2, 2, 2, 0, 2]"
lusty,5,"adieu[0, 0, 0, 0, 1]/wussy[0, 2, 2, 1, 2]/bushy[0, 2, 2, 0, 2]/musty[0, 2, 2, 2, 2]"
payer,6,"snare[0, 0, 1, 1, 1]/pacer[2, 2, 0, 2, 2]/paper[2, 2, 1, 2, 2]/parer[2, 2, 1, 2, 2]/paler[2, 2, 0, 2, 2]"
saner,2,"snare[2, 1, 1, 1, 1]"
shyly,5,"roast[0, 0, 0, 1, 0]/gumps[0, 0, 0, 0, 1]/swede[2, 0, 0, 0, 0]/sicky[2, 0, 0, 0, 2]"
thrum,5,"adieu[0, 0, 0, 0, 1]/hunch[1, 1, 0, 0, 1]/fouth[0, 0, 1, 1, 1]/shtup[0, 2, 1, 2, 0]"
cedar,4,"worse[0, 0, 1, 0, 1]/rahed[1, 1, 0, 1, 1]/deair[1, 2, 1, 0, 2]"
match,8,"paint[0, 2, 0, 0, 1]/gater[0, 2, 2, 0, 0]/hatch[1, 2, 2, 2, 2]/latch[0, 2, 2, 2, 2]/batch[0, 2, 2, 2, 2]/watch[0, 2, 2, 2, 2]/catch[1, 2, 2, 2, 2]"
filer,6,"arise[0, 1, 1, 0, 1]/fired[2, 2, 1, 2, 0]/finer[2, 2, 0, 2, 2]/fifer[2, 2, 1, 2, 2]/fiber[2, 2, 0, 2, 2]"
trash,6,"cream[0, 2, 0, 1, 0]/braxy[0, 2, 2, 0, 0]/grata[0, 2, 2, 1, 1]/wrapt[0, 2, 2, 0, 1]/train[2, 2, 2, 0, 0]"
husky,6,"about[0, 0, 0, 1, 0]/quims[0, 2, 0, 0, 1]/nused[0, 2, 2, 0, 0]/hushy[2, 2, 2, 1, 2]/hussy[2, 2, 2, 1, 2]"
ninja,4,"roast[0, 0, 1, 0, 0]/migma[0, 2, 0, 0, 2]/pizza[0, 2, 0, 0, 2]"
eerie,4,"crate[0, 1, 0, 0, 2]/porge[0, 0, 2, 0, 2]/verse[0, 2, 2, 0, 2]"
strip,3,"atone[0, 2, 0, 0, 0]/strut[2, 2, 2, 0, 1]"
shaft,6,"adieu[1, 0, 0, 0, 0]/noxas[0, 0, 0, 1, 1]/trash[1, 0, 2, 1, 1]/shakt[2, 2, 2, 0, 2]/shalt[2, 2, 2, 0, 2]"
pushy,3,"salet[1, 0, 0, 0, 0]/pious[2, 0, 0, 1, 1]"
slush,4,"prowl[0, 0, 0, 0, 1]/limes[1, 0, 0, 0, 1]/sault[2, 0, 2, 1, 0]"
crown,5,"tears[0, 0, 0, 1, 0]/inrun[0, 1, 1, 0, 2]/drown[0, 2, 2, 2, 2]/brown[0, 2, 2, 2, 2]"
exalt,3,"salet[0, 1, 1, 1, 2]/dealt[0, 1, 2, 2, 2]"
jewel,5,"paint[0, 0, 0, 0, 0]/embed[1, 0, 0, 2, 0]/ourey[0, 0, 0, 2, 0]/sewel[0, 2, 2, 2, 2]"
mucus,4,"adieu[0, 0, 0, 0, 1]/umphs[1, 1, 0, 0, 2]/mocus[2, 0, 2, 2, 2]"
vaunt,6,"crate[0, 0, 1, 1, 0]/faint[0, 2, 0, 2, 2]/gaunt[0, 2, 2, 2, 2]/daunt[0, 2, 2, 2, 2]/jaunt[0, 2, 2, 2, 2]"
apron,4,"about[2, 0, 1, 0, 0]/aviso[2, 0, 0, 0, 1]/ammon[2, 0, 0, 2, 2]"
taken,6,"about[1, 0, 0, 0, 1]/patty[0, 2, 1, 1, 0]/marts[0, 2, 0, 1, 0]/taffy[2, 2, 0, 0, 0]/tanna[2, 2, 1, 1, 1]"
begun,5,"snare[0, 1, 0, 0, 1]/emong[1, 0, 0, 1, 1]/genet[1, 2, 1, 1, 0]/begin[2, 2, 2, 0, 2]"
aglow,5,"irate[0, 0, 1, 0, 0]/mambo[0, 1, 0, 0, 1]/donga[0, 1, 0, 1, 1]/oflag[1, 0, 2, 1, 1]"
dunce,3,"trace[0, 0, 0, 2, 2]/deice[2, 1, 0, 2, 2]"
stair,5,"anime[1, 0, 1, 0, 0]/dashi[0, 1, 1, 0, 1]/jiaos[0, 1, 2, 0, 1]/scail[2, 0, 2, 2, 0]"
slink,4,"paint[0, 0, 2, 2, 0]/bliny[0, 2, 2, 2, 0]/fling[0, 2, 2, 2, 0]"
canal,5,"prowl[0, 0, 0, 0, 2]/devil[0, 0, 0, 0, 2]/stall[0, 0, 1, 1, 2]/banal[0, 2, 2, 2, 2]"
junto,5,"prowl[0, 0, 1, 0, 0]/sodas[0, 1, 0, 0, 0]/imino[0, 0, 0, 1, 2]/cento[0, 0, 2, 2, 2]"
wimpy,3,"atone[0, 0, 0, 0, 0]/prims[1, 0, 1, 1, 0]"
swamp,5,"reast[0, 0, 2, 1, 0]/shaly[2, 0, 2, 0, 0]/spank[2, 1, 2, 0, 0]/scamp[2, 0, 2, 2, 2]"
labor,4,"cream[0, 1, 0, 1, 0]/flair[0, 1, 1, 0, 2]/valor[0, 2, 1, 2, 2]"
horny,3,"slate[0, 0, 0, 0, 0]/myrrh[0, 1, 2, 1, 1]"
basis,3,"crane[0, 0, 1, 0, 0]/obias[0, 1, 1, 1, 2]"
gaily,6,"trace[0, 0, 1, 0, 0]/pawns[0, 2, 0, 0, 0]/jambo[0, 2, 0, 0, 0]/yakka[1, 2, 0, 0, 1]/gaudy[2, 2, 0, 0, 2]"
lingo,5,"prowl[0, 0, 1, 0, 1]/tolls[0, 1, 1, 1, 0]/olive[1, 1, 1, 0, 0]/linos[2, 2, 2, 1, 0]"
stake,4,"drape[0, 0, 2, 0, 2]/blame[0, 0, 2, 0, 2]/ukase[0, 1, 2, 1, 2]"
topaz,4,"snare[0, 0, 1, 0, 0]/wazoo[0, 1, 1, 1, 1]/colza[0, 2, 0, 1, 1]"
shift,4,"anime[0, 0, 2, 0, 0]/suits[2, 0, 2, 1, 1]/shirt[2, 2, 2, 0, 2]"
preen,3,"media[0, 1, 0, 0, 0]/preon[2, 2, 2, 0, 2]"
theft,5,"slate[0, 0, 0, 1, 1]/urent[0, 0, 2, 0, 2]/eject[1, 0, 2, 0, 2]/tweet[2, 0, 2, 1, 2]"
guava,5,"roast[0, 0, 2, 0, 0]/plaza[0, 0, 2, 0, 2]/kiack[0, 0, 2, 0, 0]/weave[0, 0, 2, 2, 0]"
flake,4,"paint[0, 1, 0, 0, 0]/goave[0, 0, 2, 0, 2]/smaze[0, 0, 2, 0, 2]"
shore,4,"react[1, 1, 0, 0, 0]/grime[0, 1, 0, 0, 2]/horde[1, 1, 1, 0, 2]"
derby,4,"paint[0, 0, 0, 0, 0]/golds[0, 0, 0, 1, 0]/mered[0, 2, 2, 1, 1]"
score,4,"react[1, 1, 0, 1, 0]/creek[1, 1, 1, 1, 0]/screw[2, 2, 1, 1, 0]"
smith,3,"adieu[0, 0, 2, 0, 0]/moist[1, 0, 2, 1, 1]"
prior,3,"drape[0, 2, 0, 1, 0]/proms[2, 2, 1, 0, 0]"
masse,7,"media[2, 1, 0, 0, 1]/mache[2, 2, 0, 0, 2]/malae[2, 2, 0, 1, 2]/mange[2, 2, 0, 0, 2]/mauve[2, 2, 0, 0, 2]/maybe[2, 2, 0, 0, 2]"
sight,4,"cream[0, 0, 0, 0, 0]/skugs[2, 0, 0, 1, 1]/swing[2, 0, 1, 0, 1]"
chant,4,"drape[0, 0, 2, 0, 0]/flash[0, 0, 2, 0, 1]/whang[0, 2, 2, 2, 0]"
teddy,5,"salet[0, 0, 0, 1, 1]/ketch[0, 2, 1, 0, 0]/tenor[2, 2, 0, 0, 0]/tepid[2, 2, 0, 0, 1]"
kneel,5,"arise[0, 0, 0, 0, 1]/tempt[0, 1, 0, 0, 0]/hoxed[0, 0, 0, 2, 0]/queen[0, 0, 2, 2, 1]"
meaty,2,"reast[0, 2, 2, 0, 1]"
leash,3,"worse[0, 0, 0, 2, 1]/pensy[0, 2, 0, 2, 0]"
plier,4,"snare[0, 0, 0, 1, 1]/viver[0, 1, 0, 2, 2]/drier[0, 1, 2, 2, 2]"
ruder,4,"snare[0, 0, 0, 1, 1]/recti[2, 1, 0, 0, 0]/roleo[2, 0, 0, 2, 0]"
slept,3,"salet[2, 0, 1, 1, 2]/smelt[2, 0, 2, 1, 2]"
place,4,"drape[0, 0, 2, 1, 2]/poake[2, 0, 2, 0, 2]/peace[2, 1, 2, 2, 2]"
smite,6,"drape[0, 0, 0, 0, 2]/cozie[0, 0, 0, 1, 2]/elite[1, 0, 2, 2, 2]/unite[0, 0, 2, 2, 2]/white[0, 0, 2, 2, 2]"
homer,5,"sauce[0, 0, 0, 0, 1]/teind[0, 1, 0, 0, 0]/oller[1, 0, 0, 2, 2]/hoper[2, 2, 0, 2, 2]"
uncle,4,"adieu[0, 0, 0, 1, 1]/flute[0, 1, 1, 0, 2]/umble[2, 0, 0, 2, 2]"
swell,4,"alone[0, 1, 0, 0, 1]/kelts[0, 1, 1, 0, 1]/smell[2, 0, 2, 2, 2]"
exist,2,"arise[0, 0, 2, 2, 1]"
guppy,7,"irate[0, 0, 0, 0, 0]/nooky[0, 0, 0, 0, 2]/subby[0, 2, 0, 0, 2]/hully[0, 2, 0, 0, 2]/fuffy[0, 2, 0, 0, 2]/dummy[0, 2, 0, 0, 2]"
false,6,"worse[0, 0, 0, 2, 2]/nisse[0, 0, 1, 2, 2]/amuse[1, 0, 0, 2, 2]/halse[0, 2, 2, 2, 2]/salse[1, 2, 2, 2, 2]"
booth,5,"slate[0, 0, 0, 2, 0]/tirth[1, 0, 0, 2, 2]/month[0, 2, 0, 2, 2]/youth[0, 2, 0, 2, 2]"
blank,5,"trace[0, 0, 2, 0, 0]/ngana[1, 0, 2, 2, 1]/shans[0, 0, 2, 2, 0]/piano[0, 0, 2, 2, 0]"
ghost,4,"media[0, 0, 0, 0, 0]/trust[1, 0, 0, 2, 2]/boost[0, 1, 2, 2, 2]"
credo,3,"crane[2, 2, 0, 0, 1]/creds[2, 2, 2, 2, 0]"
quell,4,"adieu[0, 0, 0, 1, 1]/huers[0, 2, 2, 0, 0]/queue[2, 2, 2, 1, 1]"
wreck,3,"cream[1, 2, 2, 0, 0]/erect[1, 2, 2, 2, 0]"
rivet,4,"later[0, 0, 1, 2, 1]/teres[1, 1, 1, 2, 0]/freet[0, 1, 1, 2, 2]"
glint,3,"salet[0, 0, 1, 0, 2]/limit[1, 1, 0, 1, 2]"
baker,5,"paint[0, 2, 0, 0, 0]/hashy[0, 2, 0, 0, 0]/badge[2, 2, 0, 0, 1]/barer[2, 2, 1, 2, 2]"
rainy,3,"crane[0, 1, 1, 2, 0]/airns[1, 1, 1, 2, 0]"
youth,5,"about[0, 0, 1, 1, 1]/puton[0, 1, 1, 1, 0]/touts[1, 2, 2, 2, 0]/mouth[0, 2, 2, 2, 2]"
whole,2,"reast[0, 1, 0, 0, 0]"
spoil,4,"adieu[0, 0, 1, 0, 0]/toxin[0, 1, 0, 2, 0]/orbic[1, 0, 0, 2, 0]"
scoop,6,"trace[0, 0, 0, 1, 0]/chunk[1, 0, 0, 0, 0]/zymic[0, 0, 0, 0, 1]/scogs[2, 2, 2, 0, 1]/scowp[2, 2, 2, 0, 2]"
widow,4,"worse[2, 1, 0, 0, 0]/wagon[2, 0, 0, 2, 0]/whoop[2, 0, 1, 2, 0]"
botch,6,"irate[0, 0, 0, 1, 0]/smoot[0, 0, 1, 1, 1]/touch[1, 2, 0, 2, 2]/cotch[1, 2, 2, 2, 2]/notch[0, 2, 2, 2, 2]"
stout,4,"crane[0, 0, 0, 0, 0]/idyll[0, 0, 0, 0, 0]/sumos[2, 1, 0, 1, 1]"
geeky,5,"drape[0, 0, 0, 0, 1]/onset[0, 0, 0, 1, 0]/quell[0, 0, 2, 0, 0]/check[0, 0, 2, 0, 1]"
aloof,3,"sauce[0, 1, 0, 0, 0]/tonal[0, 1, 0, 1, 1]"
mouth,3,"slate[0, 0, 0, 2, 0]/borty[0, 2, 0, 2, 0]"
onset,4,"cream[0, 0, 1, 0, 0]/idles[0, 0, 0, 2, 1]/sewen[1, 1, 0, 2, 1]"
amber,5,"prowl[0, 1, 0, 0, 0]/jarta[0, 1, 1, 0, 1]/agars[2, 0, 1, 1, 0]/aider[2, 0, 0, 2, 2]"
slant,3,"tears[1, 0, 2, 0, 1]/vlast[0, 2, 2, 1, 2]"
tacit,5,"snare[0, 0, 1, 0, 0]/chufa[1, 0, 0, 0, 1]/bobac[0, 0, 0, 1, 1]/wacky[0, 2, 2, 0, 0]"
burly,3,"react[1, 0, 0, 0, 0]/blurb[2, 1, 1, 1, 1]"
quack,6,"irate[0, 0, 2, 0, 0]/doabs[0, 0, 2, 0, 0]/agamy[1, 0, 2, 0, 0]/plaza[0, 0, 2, 0, 1]/chank[1, 0, 2, 0, 2]"
fleck,5,"salet[0, 0, 1, 1, 0]/hexyl[0, 1, 0, 0, 1]/noble[0, 0, 0, 1, 1]/ileum[0, 2, 2, 0, 0]"
verve,6,"worse[0, 0, 2, 0, 2]/parte[0, 0, 2, 0, 2]/gurge[0, 0, 2, 0, 2]/eerie[1, 2, 2, 0, 2]/nerve[0, 2, 2, 2, 2]"
steel,4,"prowl[0, 0, 0, 0, 2]/ideal[0, 0, 2, 0, 2]/smell[2, 0, 2, 1, 2]"
title,2,"sired[0, 2, 0, 1, 0]"
croak,5,"adieu[1, 0, 0, 0, 0]/tayra[0, 1, 0, 1, 1]/graff[0, 2, 1, 0, 0]/proas[0, 2, 2, 2, 0]"
steam,4,"adieu[1, 0, 0, 1, 0]/taste[1, 1, 1, 1, 1]/ketas[0, 1, 1, 2, 1]"
rouge,6,"slate[0, 0, 0, 0, 2]/wince[0, 0, 0, 0, 2]/poove[0, 2, 1, 0, 2]/horde[0, 2, 1, 0, 2]/rogue[2, 2, 1, 1, 2]"
cheer,5,"paint[0, 0, 0, 0, 0]/looey[0, 0, 0, 2, 0]/umber[0, 0, 0, 2, 2]/fewer[0, 1, 0, 2, 2]"
buyer,5,"alone[0, 0, 0, 0, 1]/miked[0, 0, 0, 2, 0]/reset[1, 1, 0, 2, 0]/curer[0, 2, 1, 2, 2]"
hussy,3,"alone[0, 0, 0, 0, 0]/hushy[2, 2, 2, 1, 2]"
ditch,5,"irate[1, 0, 0, 1, 0]/thick[1, 1, 1, 2, 0]/witch[0, 2, 2, 2, 2]/pitch[0, 2, 2, 2, 2]"
beady,3,"worse[0, 0, 0, 0, 1]/belly[2, 2, 0, 0, 2]"
forge,4,"trace[0, 1, 0, 0, 2]/purse[0, 0, 2, 0, 2]/gorge[1, 2, 2, 2, 2]"
prank,4,"salet[0, 1, 0, 0, 0]/ariki[1, 2, 0, 1, 0]/croak[0, 2, 0, 1, 2]"
tepid,5,"crate[0, 0, 0, 1, 1]/tweep[2, 0, 1, 1, 1]/tenes[2, 2, 0, 1, 0]/tempt[2, 2, 0, 1, 1]"
chill,3,"roast[0, 0, 0, 0, 0]/phene[0, 2, 0, 0, 0]"
cheek,4,"alone[0, 0, 0, 0, 1]/gyres[0, 0, 0, 2, 0]/kibei[1, 0, 0, 2, 0]"
relic,4,"crane[1, 1, 0, 0, 1]/pucer[0, 0, 1, 1, 1]/mercy[0, 2, 1, 1, 0]"
paler,5,"irate[0, 1, 1, 0, 1]/parev[2, 2, 1, 2, 0]/paper[2, 2, 1, 2, 2]/payer[2, 2, 0, 2, 2]"
crust,3,"arise[0, 2, 0, 2, 0]/frust[0, 2, 2, 2, 2]"
gulch,3,"salet[0, 0, 2, 0, 0]/igloo[0, 1, 2, 0, 0]"
aphid,7,"react[0, 0, 1, 0, 0]/sylva[0, 0, 0, 0, 1]/iambi[1, 1, 0, 0, 1]/aging[2, 0, 1, 0, 0]/affix[2, 0, 0, 2, 0]/audio[2, 0, 1, 2, 0]"
spice,4,"trace[0, 0, 0, 2, 2]/ounce[0, 0, 0, 2, 2]/slice[2, 0, 2, 2, 2]"
gassy,6,"roast[0, 0, 1, 2, 0]/abuse[1, 0, 0, 2, 0]/palsy[0, 2, 0, 2, 2]/daisy[0, 2, 0, 2, 2]/sassy[1, 2, 2, 2, 2]"
hotly,4,"alone[0, 1, 1, 0, 0]/colog[0, 2, 1, 1, 0]/moils[0, 2, 0, 2, 0]"
dodge,5,"crane[0, 0, 0, 0, 2]/blude[0, 0, 0, 1, 2]/kedge[0, 1, 2, 2, 2]/midge[0, 0, 2, 2, 2]"
excel,5,"sired[0, 0, 0, 2, 0]/yamen[0, 0, 0, 2, 0]/wheek[0, 0, 1, 2, 0]/covet[1, 0, 0, 2, 0]"
gamer,7,"reast[1, 1, 1, 0, 0]/arere[1, 1, 1, 1, 1]/barge[0, 2, 1, 1, 1]/gazer[2, 2, 0, 2, 2]/gager[2, 2, 1, 2, 2]/gayer[2, 2, 0, 2, 2]"
wacky,6,"adieu[1, 0, 0, 0, 0]/manto[0, 2, 0, 0, 0]/sabra[0, 2, 0, 0, 1]/haply[0, 2, 0, 0, 2]/jaggy[0, 2, 0, 0, 2]"
blimp,5,"salet[0, 0, 1, 0, 0]/lurch[1, 0, 0, 0, 0]/wooly[0, 0, 0, 1, 0]/pling[1, 2, 2, 0, 0]"
relic,3,"snare[0, 0, 0, 1, 1]/liger[1, 1, 0, 1, 1]"
heath,5,"arise[1, 0, 0, 0, 1]/mekka[0, 2, 0, 0, 1]/teach[1, 2, 2, 0, 2]/death[0, 2, 2, 2, 2]"
shore,5,"crate[0, 1, 0, 0, 2]/reine[1, 1, 0, 0, 2]/smore[2, 0, 2, 2, 2]/spore[2, 0, 2, 2, 2]"
azure,4,"media[0, 1, 0, 0, 1]/tapes[0, 1, 0, 1, 0]/agaze[2, 0, 1, 1, 2]"
spiky,5,"drape[0, 0, 0, 1, 0]/pulli[1, 0, 0, 0, 1]/skimp[2, 1, 2, 0, 1]/spiks[2, 2, 2, 2, 1]"
women,5,"arise[0, 0, 0, 0, 1]/looey[0, 2, 1, 2, 0]/coded[0, 2, 0, 2, 0]/motet[1, 2, 0, 2, 0]"
piety,3,"trace[1, 0, 0, 0, 1]/weets[0, 1, 2, 2, 0]"
howdy,3,"sired[0, 0, 0, 0, 1]/moody[0, 2, 1, 2, 2]"
civic,4,"media[0, 0, 0, 2, 0]/rubin[0, 0, 0, 2, 0]/polis[0, 0, 0, 2, 0]"
poise,5,"prowl[2, 0, 1, 0, 0]/padou[2, 0, 0, 1, 0]/poppy[2, 2, 1, 1, 0]/poste[2, 2, 1, 0, 2]"
after,4,"worse[0, 0, 1, 0, 1]/pried[0, 1, 0, 2, 0]/ramet[1, 1, 0, 2, 1]"
pesto,4,"slate[1, 0, 0, 2, 1]/festy[0, 2, 2, 2, 0]/tests[1, 2, 2, 2, 1]"
crone,5,"later[0, 0, 0, 1, 1]/roers[1, 1, 1, 1, 0]/berob[0, 1, 1, 1, 0]/prove[0, 2, 2, 0, 2]"
nerve,3,"sired[0, 0, 2, 1, 0]/kerve[0, 2, 2, 2, 2]"
motor,3,"later[0, 0, 2, 0, 2]/tutor[1, 0, 2, 2, 2]"
steed,4,"reast[0, 1, 0, 1, 1]/steme[2, 2, 2, 0, 1]/steil[2, 2, 2, 0, 0]"
scent,6,"worse[0, 0, 0, 1, 1]/jedis[0, 1, 0, 0, 1]/shmek[2, 0, 0, 1, 0]/stela[2, 1, 2, 0, 0]/spent[2, 0, 2, 2, 2]"
drove,7,"crate[0, 2, 0, 0, 2]/grime[0, 2, 0, 0, 2]/krone[0, 2, 2, 0, 2]/brose[0, 2, 2, 0, 2]/prore[0, 2, 2, 1, 2]/erode[1, 2, 2, 1, 2]"
masse,5,"prowl[0, 0, 0, 0, 0]/tucks[0, 0, 0, 0, 1]/ashen[1, 1, 0, 1, 0]/seamy[1, 1, 1, 1, 0]"
trade,4,"snare[0, 0, 2, 1, 2]/trave[2, 2, 2, 0, 2]/trace[2, 2, 2, 0, 2]"
black,5,"atone[1, 0, 0, 0, 0]/cabby[1, 1, 1, 1, 0]/scuba[0, 1, 0, 1, 1]/brack[2, 0, 2, 2, 2]"
billy,4,"reast[0, 0, 0, 0, 0]/clomb[0, 1, 0, 0, 1]/build[2, 0, 1, 2, 0]"
musty,8,"paint[0, 0, 0, 0, 1]/evets[0, 0, 0, 2, 1]/busty[0, 2, 2, 2, 2]/lusty[0, 2, 2, 2, 2]/gusty[0, 2, 2, 2, 2]/rusty[0, 2, 2, 2, 2]/dusty[0, 2, 2, 2, 2]"
lumpy,7,"react[0, 0, 0, 0, 0]/puffs[1, 2, 0, 0, 0]/quipo[0, 2, 0, 2, 0]/mumph[1, 2, 2, 2, 0]/jumpy[0, 2, 2, 2, 2]/dumpy[0, 2, 2, 2, 2]"
gloat,2,"roast[0, 1, 1, 0, 2]"
drawl,5,"atone[1, 0, 0, 0, 0]/calyx[0, 1, 1, 0, 0]/mural[0, 0, 1, 1, 2]/brawl[0, 2, 2, 2, 2]"
smart,3,"about[1, 0, 0, 0, 2]/majat[1, 1, 0, 1, 2]"
latte,4,"crate[0, 0, 1, 2, 2]/waste[0, 2, 0, 2, 2]/haute[0, 2, 0, 2, 2]"
poppy,4,"media[0, 0, 0, 0, 0]/polyp[2, 2, 0, 1, 1]/potty[2, 2, 0, 0, 2]"
balmy,4,"worse[0, 0, 0, 0, 0]/gulfy[0, 0, 2, 0, 2]/milly[1, 0, 2, 1, 2]"
musty,4,"anime[0, 0, 0, 1, 0]/modoc[2, 0, 0, 0, 0]/mumsy[2, 2, 1, 1, 2]"
shard,2,"sired[2, 0, 1, 0, 2]"
shard,6,"paint[0, 1, 0, 0, 0]/glary[0, 0, 2, 2, 0]/sears[2, 0, 2, 2, 1]/scarf[2, 0, 2, 2, 0]/shark[2, 2, 2, 2, 0]"
putty,4,"tears[1, 0, 0, 0, 0]/bight[0, 0, 0, 0, 1]/punty[2, 2, 0, 2, 2]"
goody,5,"tears[0, 0, 0, 0, 0]/fuzzy[0, 0, 0, 0, 2]/dogly[1, 2, 1, 0, 2]/wodgy[0, 2, 1, 1, 2]"
flyer,3,"cream[0, 1, 1, 0, 0]/flore[2, 2, 0, 1, 1]"
latch,3,"arise[1, 0, 0, 0, 0]/nancy[0, 2, 0, 2, 0]"
acute,3,"slate[0, 0, 1, 2, 2]/faute[0, 1, 2, 2, 2]"
tonal,5,"snare[0, 1, 1, 0, 0]/abuna[1, 0, 0, 1, 1]/dandy[0, 1, 2, 0, 0]/zonal[0, 2, 2, 2, 2]"
cough,5,"arise[0, 0, 0, 0, 0]/mumbo[0, 1, 0, 0, 1]/uncoy[1, 0, 1, 1, 0]/cloud[2, 0, 1, 1, 0]"
bused,5,"irate[0, 0, 0, 0, 1]/yeggs[0, 1, 0, 0, 1]/shelf[1, 0, 1, 0, 0]/mused[0, 2, 2, 2, 2]"
nymph,4,"adieu[0, 0, 0, 0, 0]/polys[1, 0, 0, 1, 0]/hyphy[1, 2, 1, 1, 1]"
grail,4,"adieu[1, 0, 1, 0, 0]/intra[1, 0, 0, 1, 1]/rafik[1, 1, 0, 2, 0]"
built,4,"worse[0, 0, 0, 0, 0]/qajaq[0, 0, 0, 0, 0]/blink[2, 1, 2, 0, 0]"
belly,3,"trace[0, 0, 0, 0, 1]/bines[2, 0, 0, 1, 0]"
sleet,6,"media[0, 1, 0, 0, 0]/bloke[0, 2, 0, 0, 1]/cluey[0, 2, 0, 2, 0]/pleep[0, 2, 2, 2, 0]/fleet[0, 2, 2, 2, 2]"
vouch,4,"roast[0, 2, 0, 0, 0]/boomy[0, 2, 1, 0, 0]/vouge[2, 2, 2, 0, 0]"
junta,3,"crate[0, 0, 1, 2, 0]/sputa[0, 0, 1, 2, 2]"
borax,4,"worse[0, 2, 2, 0, 0]/porch[0, 2, 2, 0, 0]/aorta[1, 2, 2, 0, 1]"
cyber,4,"sauce[0, 0, 0, 1, 1]/chedi[2, 0, 1, 0, 0]/comet[2, 0, 0, 2, 0]"
joint,5,"roast[0, 2, 0, 0, 2]/count[0, 2, 0, 2, 2]/point[0, 2, 2, 2, 2]/noint[1, 2, 2, 2, 2]"
dodgy,3,"media[0, 0, 2, 0, 0]/godly[1, 2, 2, 0, 2]"
bunch,4,"media[0, 0, 0, 0, 0]/spots[0, 0, 0, 0, 0]/hurry[1, 2, 0, 0, 0]"
risky,4,"irate[1, 1, 0, 0, 0]/ryugi[2, 1, 0, 0, 1]/rindy[2, 2, 0, 0, 2]"
cease,4,"media[0, 2, 0, 0, 1]/neath[0, 2, 2, 0, 0]/reave[0, 2, 2, 0, 2]"
diner,4,"sauce[0, 0, 0, 0, 1]/ident[1, 1, 1, 1, 0]/nided[1, 2, 1, 2, 1]"
randy,4,"salet[0, 2, 0, 0, 0]/gandy[0, 2, 2, 2, 2]/dandy[1, 2, 2, 2, 2]"
aorta,4,"atone[2, 1, 1, 0, 0]/ascot[2, 0, 0, 1, 1]/altho[2, 0, 1, 0, 1]"
rouge,4,"worse[0, 2, 1, 0, 2]/roule[2, 2, 2, 0, 2]/route[2, 2, 2, 0, 2]"
swoop,5,"sired[2, 0, 0, 0, 0]/shaka[2, 0, 0, 0, 0]/slogs[2, 0, 2, 0, 1]/swoon[2, 2, 2, 2, 0]"
rupee,4,"trace[0, 1, 0, 0, 2]/fibre[0, 0, 0, 1, 2]/spree[0, 1, 1, 2, 2]"
phone,5,"irate[0, 0, 0, 0, 2]/lemme[0, 1, 0, 0, 2]/souse[0, 1, 0, 0, 2]/ozone[1, 0, 2, 2, 2]"
cycle,4,"alone[0, 1, 0, 0, 2]/smile[0, 0, 0, 2, 2]/bugle[0, 0, 0, 2, 2]"
digit,4,"alone[0, 0, 0, 0, 0]/gyrus[1, 0, 0, 0, 0]/dight[2, 2, 2, 0, 2]"
clove,5,"later[1, 0, 0, 1, 0]/sells[0, 1, 1, 1, 0]/incle[0, 0, 1, 1, 2]/clepe[2, 2, 1, 0, 2]"
topic,5,"drape[0, 0, 0, 1, 0]/puuko[1, 0, 0, 0, 1]/whoop[0, 0, 1, 1, 1]/topoi[2, 2, 2, 1, 1]"
extol,5,"media[0, 1, 0, 0, 0]/yrneh[0, 0, 0, 1, 0]/obole[1, 0, 1, 1, 1]/elope[2, 1, 1, 0, 1]"
marsh,4,"adieu[1, 0, 0, 0, 0]/kaama[0, 2, 1, 1, 1]/marvy[2, 2, 2, 0, 0]"
spike,6,"arise[0, 0, 2, 1, 2]/snide[2, 0, 2, 0, 2]/smile[2, 0, 2, 0, 2]/spice[2, 2, 2, 0, 2]/spite[2, 2, 2, 0, 2]"
whiny,4,"about[0, 0, 0, 0, 0]/viper[0, 1, 0, 0, 0]/whilk[2, 2, 2, 0, 0]"
flack,5,"about[1, 0, 0, 0, 0]/slash[0, 2, 2, 0, 0]/flame[2, 2, 2, 0, 0]/flank[2, 2, 2, 0, 2]"
smith,3,"worse[0, 0, 0, 1, 0]/scath[2, 0, 0, 2, 2]"
blink,5,"irate[1, 0, 0, 0, 0]/monic[0, 0, 1, 1, 0]/whins[0, 0, 2, 2, 0]/lying[1, 0, 2, 2, 0]"
blame,6,"snare[0, 0, 2, 0, 2]/glade[0, 2, 2, 0, 2]/elate[1, 2, 2, 0, 2]/place[0, 2, 2, 0, 2]/flake[0, 2, 2, 0, 2]"
champ,4,"adieu[1, 0, 0, 0, 0]/tryma[0, 0, 0, 2, 1]/slams[0, 0, 2, 2, 0]"
fleck,4,"trace[0, 0, 0, 2, 1]/blech[0, 2, 2, 2, 0]/cleck[1, 2, 2, 2, 2]"
drink,4,"adieu[0, 1, 2, 0, 0]/trild[0, 2, 2, 0, 1]/drips[2, 2, 2, 0, 0]"
sworn,3,"react[1, 0, 0, 0, 0]/fours[0, 1, 0, 2, 1]"
bawdy,4,"react[0, 0, 1, 0, 0]/panda[0, 2, 0, 2, 1]/daddy[1, 2, 1, 2, 2]"
smash,5,"worse[0, 0, 0, 2, 0]/angst[1, 0, 0, 2, 0]/spasm[2, 0, 2, 2, 1]/slash[2, 0, 2, 2, 2]"
poser,4,"media[0, 1, 0, 0, 0]/opens[1, 1, 1, 0, 1]/copse[0, 2, 1, 1, 1]"
preen,3,"prowl[2, 2, 0, 0, 0]/prees[2, 2, 2, 2, 0]"
spear,5,"tears[0, 1, 1, 1, 1]/shear[2, 0, 2, 2, 2]/swear[2, 0, 2, 2, 2]/smear[2, 0, 2, 2, 2]"
stomp,6,"drape[0, 0, 0, 1, 0]/kipsy[0, 0, 1, 1, 0]/polls[1, 1, 0, 0, 1]/scoup[2, 0, 2, 0, 2]/swoop[2, 0, 2, 1, 2]"
owner,5,"reast[1, 1, 0, 0, 0]/urine[0, 1, 0, 1, 1]/enorm[1, 1, 1, 1, 0]/zoner[0, 1, 2, 2, 2]"
knead,4,"tears[0, 1, 1, 0, 0]/anole[1, 2, 0, 0, 1]/enema[1, 2, 2, 0, 1]"
pushy,4,"paint[2, 0, 0, 0, 0]/purse[2, 2, 0, 1, 0]/pupus[2, 2, 1, 1, 1]"
mourn,3,"snare[0, 1, 0, 2, 0]/churn[0, 0, 2, 2, 2]"
quake,5,"salet[0, 1, 0, 1, 0]/rebab[0, 1, 0, 1, 0]/amene[1, 0, 1, 0, 2]/chace[0, 0, 2, 0, 2]"
furry,4,"worse[0, 0, 2, 0, 0]/durum[0, 2, 2, 1, 0]/furan[2, 2, 2, 0, 0]"
masse,4,"crate[0, 0, 1, 0, 2]/aisle[1, 0, 2, 0, 2]/passe[0, 2, 2, 2, 2]"
rebus,5,"alone[0, 0, 0, 0, 1]/tweep[0, 0, 1, 1, 0]/pyres[0, 0, 1, 1, 2]/erhus[1, 1, 0, 2, 2]"
gaily,4,"arise[1, 0, 2, 0, 0]/faint[0, 2, 2, 0, 0]/daily[0, 2, 2, 2, 2]"
speak,4,"media[0, 1, 0, 0, 1]/zoeas[0, 0, 2, 2, 1]/speal[2, 2, 2, 2, 0]"
fully,7,"trace[0, 0, 0, 0, 0]/bibis[0, 0, 0, 0, 0]/glugg[0, 1, 1, 0, 0]/unply[1, 0, 0, 2, 2]/hully[0, 2, 2, 2, 2]/dully[0, 2, 2, 2, 2]"
ditch,4,"sired[0, 2, 0, 0, 1]/lindy[0, 2, 0, 1, 0]/dight[2, 2, 0, 1, 1]"
pizza,4,"react[0, 0, 1, 0, 0]/pakay[2, 1, 0, 1, 0]/pilaf[2, 2, 0, 1, 0]"
nylon,4,"later[1, 0, 0, 0, 0]/oddly[1, 0, 0, 1, 1]/nonyl[2, 1, 1, 1, 1]"
admit,6,"irate[1, 0, 1, 1, 0]/ticca[1, 1, 0, 0, 1]/atigi[2, 1, 1, 0, 1]/antis[2, 0, 1, 2, 0]/audit[2, 0, 1, 2, 2]"
punch,5,"sired[0, 0, 0, 0, 0]/moaky[0, 0, 0, 0, 0]/lunch[0, 2, 2, 2, 2]/hunch[1, 2, 2, 2, 2]"
homer,8,"sauce[0, 0, 0, 0, 1]/rerig[1, 1, 1, 0, 0]/forex[0, 2, 1, 2, 0]/dozer[0, 2, 0, 2, 2]/toter[0, 2, 0, 2, 2]/poker[0, 2, 0, 2, 2]/gomer[0, 2, 2, 2, 2]"
sloth,6,"arise[0, 0, 0, 1, 0]/yumps[0, 0, 0, 0, 1]/swoon[2, 0, 2, 1, 0]/skoff[2, 0, 2, 0, 0]/sooth[2, 1, 2, 2, 2]"
abort,3,"irate[0, 1, 1, 1, 0]/tarot[1, 1, 1, 1, 2]"
crawl,6,"anime[1, 0, 0, 0, 0]/bayas[0, 1, 0, 1, 0]/rotas[1, 0, 0, 1, 0]/guard[0, 0, 2, 1, 0]/frack[0, 2, 2, 1, 0]"
speed,4,"salet[2, 0, 0, 2, 0]/soree[2, 0, 0, 2, 1]/sinew[2, 0, 0, 2, 0]"
stale,6,"adieu[1, 0, 0, 1, 0]/neafe[0, 1, 2, 0, 2]/place[0, 1, 2, 0, 2]/loave[1, 0, 2, 0, 2]/thale[1, 0, 2, 2, 2]"
lover,4,"slate[0, 1, 0, 0, 1]/puzel[0, 0, 0, 2, 1]/looed[2, 2, 1, 2, 0]"
snort,4,"reast[1, 0, 0, 1, 2]/shirt[2, 0, 0, 2, 2]/sport[2, 0, 2, 2, 2]"
swung,3,"arise[0, 0, 0, 1, 0]/sowth[2, 0, 1, 0, 0]"
moral,4,"adieu[1, 0, 0, 0, 0]/shams[0, 0, 1, 1, 0]/mayor[2, 1, 0, 1, 1]"
realm,3,"irate[0, 1, 2, 0, 1]/heard[0, 2, 2, 1, 0]"
chock,5,"crate[2, 0, 0, 0, 0]/clump[2, 0, 0, 0, 0]/cocco[2, 1, 1, 2, 1]/choko[2, 2, 2, 1, 1]"
fewer,2,"worse[1, 0, 1, 0, 1]"
corer,4,"cream[2, 1, 1, 0, 0]/curse[2, 0, 2, 0, 1]/corey[2, 2, 2, 2, 0]"
miser,5,"prowl[0, 1, 0, 0, 0]/usure[0, 1, 0, 1, 1]/reges[1, 1, 0, 2, 1]/maser[2, 0, 2, 2, 2]"
budge,4,"media[0, 1, 2, 0, 0]/undue[1, 0, 2, 1, 2]/buded[2, 2, 2, 1, 1]"
butch,4,"alone[0, 0, 0, 0, 0]/currs[1, 2, 0, 0, 0]/ducky[0, 2, 1, 0, 0]"
droll,4,"roast[1, 1, 0, 0, 0]/crock[0, 2, 2, 0, 0]/droop[2, 2, 2, 1, 0]"
cocoa,4,"crane[2, 0, 1, 0, 0]/cabby[2, 1, 0, 0, 0]/cuppa[2, 0, 0, 0, 2]"
lurch,3,"worse[0, 0, 2, 0, 0]/march[0, 0, 2, 2, 2]"
lobby,4,"atone[0, 0, 1, 0, 0]/words[0, 2, 0, 0, 0]/logic[2, 2, 0, 0, 0]"
perky,5,"roast[1, 0, 0, 0, 0]/under[0, 0, 0, 1, 1]/peril[2, 2, 2, 0, 0]/perch[2, 2, 2, 0, 0]"
torch,3,"reast[1, 0, 0, 0, 1]/troth[2, 1, 1, 1, 2]"
rival,6,"paint[0, 1, 1, 0, 0]/arsis[1, 1, 0, 1, 0]/izard[1, 0, 1, 1, 0]/mirah[0, 2, 1, 2, 0]/vicar[1, 2, 0, 2, 1]"
fauna,5,"drape[0, 0, 1, 0, 0]/ooyah[0, 0, 0, 1, 0]/basil[0, 2, 0, 0, 0]/manna[0, 2, 1, 2, 2]"
milky,4,"anime[0, 0, 1, 1, 0]/mukim[2, 0, 1, 1, 1]/milko[2, 2, 2, 2, 0]"
fiber,6,"trace[0, 1, 0, 0, 1]/inerm[1, 0, 1, 1, 0]/siker[0, 2, 0, 2, 2]/fixer[2, 2, 0, 2, 2]/filer[2, 2, 0, 2, 2]"
lusty,4,"alone[0, 1, 0, 0, 0]/guggl[0, 2, 0, 0, 1]/pulks[0, 2, 1, 0, 1]"
poser,4,"salet[1, 0, 0, 2, 0]/bukes[0, 0, 0, 2, 1]/riser[1, 0, 2, 2, 2]"
spawn,5,"atone[1, 0, 0, 1, 0]/zanja[0, 1, 1, 0, 1]/sdayn[2, 0, 2, 0, 2]/spain[2, 2, 2, 0, 2]"
arbor,4,"reast[1, 0, 1, 0, 0]/augur[2, 0, 0, 0, 2]/abhor[2, 1, 0, 2, 2]"
wrong,4,"roast[1, 1, 0, 0, 0]/chore[0, 0, 2, 1, 0]/groin[1, 2, 2, 0, 1]"
stall,4,"anime[1, 0, 0, 0, 0]/plaas[0, 1, 2, 1, 1]/shaul[2, 0, 2, 0, 2]"
truce,4,"reast[1, 1, 0, 0, 1]/timer[2, 0, 0, 1, 1]/torte[2, 0, 1, 1, 2]"
waive,4,"adieu[1, 0, 2, 1, 0]/maire[0, 2, 2, 0, 2]/naive[0, 2, 2, 2, 2]"
chirp,4,"paint[1, 0, 2, 0, 0]/spile[0, 1, 2, 0, 0]/quipo[0, 0, 2, 1, 0]"
decor,3,"snare[0, 0, 0, 1, 1]/power[0, 1, 0, 1, 2]"
decry,3,"react[1, 2, 0, 1, 0]/ceroc[1, 2, 1, 0, 1]"
three,4,"about[0, 0, 0, 0, 1]/sties[0, 1, 0, 2, 0]/feted[0, 1, 1, 2, 0]"
dusty,4,"sired[1, 0, 0, 0, 1]/odals[0, 1, 0, 0, 1]/dusky[2, 2, 2, 0, 2]"
pithy,4,"paint[2, 0, 1, 0, 1]/pitsu[2, 2, 2, 0, 0]/pitch[2, 2, 2, 0, 1]"
cameo,3,"anime[1, 0, 0, 1, 1]/camel[2, 2, 2, 2, 0]"
onion,5,"irate[1, 0, 0, 0, 0]/shiso[0, 0, 2, 0, 1]/going[0, 1, 2, 1, 0]/union[0, 2, 2, 2, 2]"
blurb,4,"crane[0, 1, 0, 0, 0]/worts[0, 0, 1, 0, 0]/ruffy[1, 1, 0, 0, 0]"
sissy,5,"snare[2, 0, 0, 0, 0]/scudo[2, 0, 0, 0, 0]/slips[2, 0, 1, 0, 1]/sight[2, 2, 0, 0, 0]"
brood,6,"alone[0, 0, 2, 0, 0]/stogy[0, 0, 2, 0, 0]/broch[2, 2, 2, 0, 0]/bromo[2, 2, 2, 0, 1]/brook[2, 2, 2, 2, 0]"
mower,5,"media[2, 1, 0, 0, 0]/mopes[2, 2, 0, 2, 0]/money[2, 2, 0, 2, 0]/mover[2, 2, 0, 2, 2]"
chaos,3,"irate[0, 0, 2, 0, 0]/opals[1, 0, 2, 0, 2]"
weigh,4,"anime[0, 0, 2, 0, 1]/oxies[0, 0, 2, 1, 0]/deify[0, 2, 2, 0, 0]"
glade,2,"reast[0, 1, 2, 0, 0]"
fluke,5,"irate[0, 0, 0, 0, 2]/jeeze[0, 1, 1, 0, 2]/glove[0, 2, 0, 0, 2]/pluke[0, 2, 2, 2, 2]"
alien,3,"drape[0, 0, 1, 0, 1]/maneh[0, 1, 1, 2, 0]"
stunk,6,"cream[0, 0, 0, 0, 0]/jujus[0, 1, 0, 1, 1]/stunt[2, 2, 2, 2, 1]/stuns[2, 2, 2, 2, 1]/stung[2, 2, 2, 2, 0]"
heave,4,"atone[1, 0, 0, 0, 2]/clame[0, 0, 2, 0, 2]/weave[0, 2, 2, 2, 2]"
delta,3,"react[0, 2, 1, 0, 1]/texta[1, 2, 0, 2, 2]"
clump,4,"anime[0, 0, 0, 2, 0]/mommy[1, 0, 1, 2, 0]/spumy[0, 1, 2, 2, 0]"
freak,6,"anime[1, 0, 0, 0, 1]/paces[0, 1, 0, 1, 0]/great[0, 2, 2, 2, 0]/wreak[0, 2, 2, 2, 2]/break[0, 2, 2, 2, 2]"
broom,6,"tears[0, 0, 0, 1, 0]/honor[0, 1, 0, 2, 1]/drool[0, 2, 2, 2, 0]/froom[0, 2, 2, 2, 2]/groom[0, 2, 2, 2, 2]"
fault,4,"drape[0, 0, 1, 0, 0]/manty[0, 2, 0, 1, 0]/talik[1, 2, 1, 0, 0]"
remit,5,"later[0, 0, 1, 1, 1]/eruct[1, 1, 0, 0, 2]/repot[2, 2, 0, 0, 2]/refit[2, 2, 0, 2, 2]"
bevel,5,"drape[0, 0, 0, 0, 1]/omnes[0, 0, 0, 2, 0]/gibel[0, 0, 1, 2, 2]/betel[2, 2, 0, 2, 2]"
dopey,4,"reast[0, 1, 0, 0, 0]/hovel[0, 2, 0, 2, 0]/poney[1, 2, 0, 2, 2]"
forum,5,"trace[0, 1, 0, 0, 0]/ponor[0, 2, 0, 1, 1]/rougy[1, 2, 1, 0, 0]/sorus[0, 2, 2, 2, 0]"
exist,5,"media[0, 1, 0, 1, 0]/wrier[0, 0, 2, 1, 0]/exile[2, 2, 2, 0, 1]/exits[2, 2, 2, 1, 1]"
eclat,4,"arise[1, 0, 0, 0, 1]/laved[1, 1, 0, 1, 0]/pelta[0, 1, 2, 1, 1]"
scoop,5,"tears[0, 0, 0, 0, 1]/posol[1, 1, 1, 2, 0]/snoop[2, 0, 2, 2, 2]/swoop[2, 0, 2, 2, 2]"
munch,5,"reast[0, 0, 0, 0, 0]/cliff[1, 0, 0, 0, 0]/vouch[0, 0, 1, 2, 2]/hunch[1, 2, 2, 2, 2]"
ovary,5,"anime[1, 0, 0, 0, 0]/lahar[0, 1, 0, 1, 1]/coact[0, 1, 2, 0, 0]/osars[2, 0, 2, 2, 0]"
apron,4,"crane[0, 1, 1, 1, 0]/randy[1, 1, 1, 0, 0]/quran[0, 0, 2, 1, 2]"
scold,3,"about[0, 0, 2, 0, 0]/plops[0, 1, 2, 0, 1]"
fried,4,"media[0, 1, 1, 1, 0]/wived[0, 1, 0, 2, 2]/dried[1, 2, 2, 2, 2]"
quiet,4,"paint[0, 0, 2, 0, 2]/shift[0, 0, 2, 0, 2]/built[0, 2, 2, 0, 2]"
mower,5,"crane[0, 1, 0, 0, 1]/retem[1, 1, 0, 2, 1]/homer[0, 2, 1, 2, 2]/mover[2, 2, 0, 2, 2]"
mummy,5,"react[0, 0, 0, 0, 0]/limby[0, 0, 2, 0, 2]/gummy[0, 2, 2, 2, 2]/dummy[0, 2, 2, 2, 2]"
rebar,5,"arise[1, 1, 0, 0, 1]/renal[2, 2, 0, 2, 0]/repay[2, 2, 0, 2, 0]/rehab[2, 2, 0, 2, 1]"
minim,5,"drape[0, 0, 0, 0, 0]/golly[0, 0, 0, 0, 0]/swish[0, 0, 1, 0, 0]/cumin[0, 0, 1, 2, 1]"
anvil,5,"reast[0, 0, 1, 0, 0]/cloak[0, 1, 0, 1, 0]/daily[0, 1, 1, 1, 0]/gilia[0, 1, 1, 2, 1]"
dunce,3,"crate[1, 0, 0, 0, 2]/deuce[2, 1, 1, 2, 2]"
flaky,4,"react[0, 0, 2, 0, 0]/aland[1, 2, 2, 0, 0]/playa[0, 2, 2, 1, 1]"
horde,5,"worse[0, 2, 2, 0, 2]/gorge[0, 2, 2, 0, 2]/force[0, 2, 2, 0, 2]/borne[0, 2, 2, 0, 2]"
twixt,3,"roast[0, 0, 0, 0, 2]/tempt[2, 0, 0, 0, 2]"
adobe,3,"about[2, 1, 2, 0, 0]/adorb[2, 2, 2, 0, 1]"
skunk,7,"reast[0, 0, 0, 1, 0]/osmol[0, 1, 0, 0, 0]/scugs[2, 0, 2, 0, 1]/squib[2, 0, 2, 0, 0]/snuff[2, 1, 2, 0, 0]/spunk[2, 0, 2, 2, 2]"
fizzy,4,"prowl[0, 0, 0, 0, 0]/sages[0, 0, 0, 0, 0]/kudzu[0, 0, 0, 2, 0]"
knave,4,"slate[0, 0, 2, 0, 2]/grave[0, 0, 2, 2, 2]/awave[1, 0, 2, 2, 2]"
these,3,"worse[0, 0, 0, 2, 2]/dulse[0, 0, 0, 2, 2]"
short,3,"crate[0, 1, 0, 1, 0]/skort[2, 0, 2, 2, 2]"
sleek,5,"alone[0, 2, 0, 0, 1]/flued[0, 2, 0, 2, 0]/sleep[2, 2, 2, 2, 0]/sleet[2, 2, 2, 2, 0]"
sepia,3,"anime[1, 0, 1, 0, 1]/perai[1, 2, 0, 1, 1]"
drier,4,"alone[0, 0, 0, 0, 1]/fives[0, 1, 0, 2, 0]/dried[2, 2, 2, 2, 1]"
bread,5,"media[0, 1, 1, 0, 1]/apted[1, 0, 0, 1, 2]/knead[0, 0, 2, 2, 2]/dread[1, 2, 2, 2, 2]"
goose,4,"atone[0, 0, 2, 0, 2]/froze[0, 0, 2, 0, 2]/chose[0, 0, 2, 2, 2]"
embed,4,"slate[0, 0, 0, 0, 1]/kembo[0, 1, 1, 1, 0]/imbed[0, 2, 2, 2, 2]"
onion,3,"anime[0, 2, 2, 0, 0]/unify[0, 2, 2, 0, 0]"
width,6,"arise[0, 0, 1, 0, 0]/bivvy[0, 2, 0, 0, 0]/pilch[0, 2, 0, 0, 2]/fifth[0, 2, 0, 2, 2]/ninth[0, 2, 0, 2, 2]"
meant,3,"cream[0, 0, 1, 1, 1]/mealy[2, 2, 2, 0, 0]"
eater,4,"later[0, 2, 2, 2, 2]/hater[0, 2, 2, 2, 2]/cater[0, 2, 2, 2, 2]"
blond,5,"crate[0, 0, 0, 0, 0]/luffs[1, 0, 0, 0, 0]/xylol[0, 0, 1, 1, 1]/oligo[1, 2, 0, 0, 1]"
glide,4,"cream[0, 0, 1, 0, 0]/gules[2, 0, 1, 1, 0]/globe[2, 2, 0, 0, 2]"
llama,5,"salet[0, 1, 1, 0, 0]/offal[0, 0, 0, 1, 1]/playa[0, 2, 2, 0, 2]/alala[1, 2, 2, 1, 2]"
repay,4,"arise[1, 1, 0, 0, 1]/faery[0, 1, 1, 1, 2]/ready[2, 2, 1, 0, 2]"
brain,5,"cream[0, 2, 0, 1, 0]/draff[0, 2, 2, 0, 0]/trash[0, 2, 2, 0, 0]/prana[0, 2, 2, 1, 1]"
medal,3,"sired[0, 0, 0, 1, 1]/deave[1, 2, 1, 0, 1]"
broom,4,"paint[0, 0, 0, 0, 0]/belve[2, 0, 0, 0, 0]/borms[2, 1, 1, 1, 0]"
crane,4,"salet[0, 1, 0, 1, 0]/evade[1, 0, 2, 0, 2]/neafe[1, 1, 2, 0, 2]"
retch,3,"atone[0, 1, 0, 0, 1]/cheth[1, 1, 1, 1, 2]"
acute,4,"later[0, 1, 1, 1, 0]/meant[0, 1, 1, 0, 1]/stead[0, 1, 1, 1, 0]"
cover,8,"irate[0, 1, 0, 0, 1]/merer[0, 1, 1, 2, 2]/ruler[1, 0, 0, 2, 2]/sneer[0, 0, 1, 2, 2]/coper[2, 2, 0, 2, 2]/cower[2, 2, 0, 2, 2]/cooer[2, 2, 1, 2, 2]"
skull,6,"media[0, 0, 0, 0, 0]/whoot[0, 0, 0, 0, 0]/pyrus[0, 0, 0, 1, 1]/snuff[2, 0, 2, 0, 0]/skulk[2, 2, 2, 2, 1]"
vicar,5,"drape[0, 1, 1, 0, 0]/rikwa[1, 2, 0, 0, 1]/mirah[0, 2, 1, 2, 0]/filar[0, 2, 0, 2, 2]"
crass,4,"prowl[0, 2, 0, 0, 0]/brush[0, 2, 0, 2, 0]/grass[0, 2, 2, 2, 2]"
proof,4,"alone[0, 0, 2, 0, 0]/duomi[0, 0, 2, 0, 0]/frosh[1, 2, 2, 0, 0]"
bigot,5,"paint[0, 0, 1, 0, 2]/eejit[0, 0, 0, 1, 2]/midst[0, 2, 0, 0, 2]/lirot[0, 2, 0, 2, 2]"
bitty,3,"react[0, 0, 0, 0, 1]/booth[2, 0, 0, 2, 0]"
rinse,3,"sired[1, 2, 1, 1, 0]/fiers[0, 2, 1, 1, 1]"
lanky,6,"atone[1, 0, 0, 1, 0]/nauch[1, 2, 0, 0, 0]/panir[0, 2, 2, 0, 0]/mands[0, 2, 2, 0, 0]/banal[0, 2, 2, 1, 1]"
skunk,6,"arise[0, 0, 0, 1, 0]/synod[2, 0, 1, 0, 0]/stunk[2, 0, 2, 2, 2]/spunk[2, 0, 2, 2, 2]/slunk[2, 0, 2, 2, 2]"
great,3,"react[1, 1, 1, 0, 2]/arett[1, 2, 2, 1, 2]"
acrid,4,"adieu[2, 1, 1, 0, 0]/aphid[2, 0, 0, 2, 2]/aroid[2, 1, 0, 2, 2]"
tamer,5,"adieu[1, 0, 0, 2, 0]/rarer[1, 2, 1, 2, 2]/cater[0, 2, 1, 2, 2]/taser[2, 2, 0, 2, 2]"
valid,5,"tears[0, 0, 1, 0, 0]/danio[1, 2, 0, 2, 0]/gadid[0, 2, 1, 2, 2]/vapid[2, 2, 0, 2, 2]"
gaudy,7,"paint[0, 2, 0, 0, 0]/laers[0, 2, 0, 0, 0]/wazoo[0, 2, 0, 0, 0]/yabby[1, 2, 0, 0, 2]/mammy[0, 2, 0, 0, 2]/gaucy[2, 2, 2, 0, 2]"
beard,5,"snare[0, 0, 2, 2, 1]/teary[0, 2, 2, 2, 0]/rearm[1, 2, 2, 2, 0]/heard[0, 2, 2, 2, 2]"
dumpy,3,"alone[0, 0, 0, 0, 0]/piggy[1, 0, 0, 0, 2]"
woven,5,"arise[0, 0, 0, 0, 1]/conex[0, 2, 1, 2, 0]/noyed[1, 2, 0, 2, 0]/hoven[0, 2, 2, 2, 2]"
reedy,4,"trace[0, 1, 0, 0, 1]/riser[2, 0, 0, 1, 1]/reely[2, 2, 2, 0, 2]"
gusto,4,"tears[1, 0, 0, 0, 1]/sluit[1, 0, 1, 0, 1]/dusty[0, 2, 2, 2, 0]"
haven,5,"adieu[1, 0, 0, 2, 0]/later[0, 2, 0, 2, 0]/pacey[0, 2, 0, 2, 0]/oaken[0, 2, 0, 2, 2]"
serve,4,"crate[0, 1, 0, 0, 2]/rhyme[1, 0, 0, 0, 2]/usure[0, 1, 0, 1, 2]"
spoil,4,"slate[2, 1, 0, 0, 0]/sokol[2, 1, 0, 1, 2]/scowl[2, 0, 2, 0, 2]"
truck,3,"trace[2, 2, 0, 2, 0]/trick[2, 2, 0, 2, 2]"
click,5,"worse[0, 0, 0, 0, 0]/taata[0, 0, 0, 0, 0]/pipid[0, 1, 0, 1, 0]/mucid[0, 0, 1, 1, 0]"
snoop,6,"drape[0, 0, 0, 1, 0]/pulks[1, 0, 0, 0, 1]/sysop[2, 0, 1, 2, 2]/scoop[2, 0, 2, 2, 2]/stoop[2, 0, 2, 2, 2]"
slant,5,"worse[0, 0, 0, 1, 0]/bails[0, 1, 0, 1, 1]/usual[0, 1, 0, 1, 1]/slaty[2, 2, 2, 1, 0]"
fecal,6,"snare[0, 0, 1, 0, 1]/dalek[0, 1, 1, 1, 0]/legal[1, 2, 0, 2, 2]/metal[0, 2, 0, 2, 2]/cecal[1, 2, 2, 2, 2]"
glaze,6,"snare[0, 0, 2, 0, 2]/loave[1, 0, 2, 0, 2]/blame[0, 2, 2, 0, 2]/elate[1, 2, 2, 0, 2]/glade[2, 2, 2, 0, 2]"
spell,6,"worse[0, 0, 0, 1, 1]/stens[2, 0, 2, 0, 1]/seeld[2, 1, 2, 2, 0]/shell[2, 0, 2, 2, 2]/smell[2, 0, 2, 2, 2]"
gland,4,"worse[0, 0, 0, 0, 0]/buffa[0, 0, 0, 0, 1]/pavin[0, 1, 0, 0, 1]"
truth,5,"trace[2, 2, 0, 0, 0]/truss[2, 2, 2, 0, 0]/trump[2, 2, 2, 0, 0]/truly[2, 2, 2, 0, 0]"
clone,3,"prowl[0, 0, 2, 0, 1]/enols[1, 1, 2, 1, 0]"
rural,4,"slate[0, 1, 1, 0, 0]/carol[0, 1, 2, 0, 2]/mural[0, 2, 2, 2, 2]"
singe,5,"irate[1, 0, 0, 0, 2]/jolie[0, 0, 0, 1, 2]/spide[2, 0, 1, 0, 2]/siege[2, 2, 1, 2, 2]"
puppy,5,"irate[0, 0, 0, 0, 0]/flops[0, 0, 0, 2, 0]/duppy[0, 2, 2, 2, 2]/guppy[0, 2, 2, 2, 2]"
await,3,"slate[0, 0, 2, 1, 0]/apart[2, 0, 2, 0, 2]"
scamp,4,"cream[1, 0, 0, 1, 1]/amnic[1, 1, 0, 0, 1]/mocha[1, 0, 1, 0, 1]"
shock,4,"slate[2, 0, 0, 0, 0]/swing[2, 0, 0, 0, 0]/shush[2, 2, 0, 1, 1]"
reply,5,"adieu[0, 0, 0, 1, 0]/zesty[0, 2, 0, 0, 2]/kerry[0, 2, 1, 1, 2]/reefy[2, 2, 1, 0, 2]"
teddy,3,"trace[2, 0, 0, 0, 1]/towed[2, 0, 0, 1, 1]"
comma,2,"media[1, 0, 0, 0, 2]"
ralph,4,"worse[0, 0, 1, 0, 0]/ruing[2, 0, 0, 0, 0]/rhyta[2, 1, 0, 0, 1]"
plaza,5,"sired[0, 0, 0, 0, 0]/punch[2, 0, 0, 0, 0]/polyp[2, 0, 1, 0, 1]/papal[2, 1, 1, 1, 1]"
title,5,"drape[0, 0, 0, 0, 2]/bikie[0, 2, 0, 1, 2]/nieve[0, 2, 1, 0, 2]/lithe[1, 2, 2, 0, 2]"
niche,3,"anime[0, 1, 1, 0, 2]/pinge[0, 2, 1, 0, 2]"
hardy,3,"cream[0, 1, 0, 1, 0]/yards[1, 2, 2, 2, 0]"
amiss,5,"react[0, 0, 1, 0, 0]/kaons[0, 1, 0, 0, 2]/apsis[2, 0, 1, 1, 2]/amias[2, 2, 2, 1, 2]"
heron,4,"sauce[0, 0, 0, 0, 1]/felty[0, 2, 0, 0, 0]/deign[0, 2, 0, 0, 2]"
glory,3,"salet[0, 0, 1, 0, 0]/coyly[0, 1, 1, 1, 2]"
visit,5,"cream[0, 0, 0, 0, 0]/flyin[0, 0, 0, 2, 0]/squib[1, 0, 0, 2, 0]/tipis[1, 2, 0, 2, 1]"
blitz,4,"roast[0, 0, 0, 0, 1]/tepid[1, 0, 0, 1, 0]/hitch[0, 1, 1, 0, 0]"
grace,5,"tears[0, 1, 2, 1, 0]/frape[0, 2, 2, 0, 2]/brake[0, 2, 2, 0, 2]/crane[1, 2, 2, 0, 2]"
fluid,3,"drape[1, 0, 0, 0, 0]/moldy[0, 0, 1, 1, 0]"
botch,5,"roast[0, 2, 0, 0, 1]/tonne[1, 2, 0, 0, 0]/volti[0, 2, 0, 1, 0]/cotch[1, 2, 2, 2, 2]"
satyr,3,"drape[0, 1, 1, 0, 0]/toras[1, 0, 1, 1, 1]"
conic,4,"adieu[0, 0, 1, 0, 0]/bingy[0, 1, 2, 0, 0]/sonic[0, 2, 2, 2, 2]"
opera,4,"later[0, 1, 0, 1, 1]/brave[0, 1, 1, 0, 1]/apery[1, 2, 2, 2, 0]"
shout,6,"drape[0, 0, 0, 0, 0]/colly[0, 1, 0, 0, 0]/obbos[1, 0, 0, 1, 1]/kikoi[0, 0, 0, 1, 0]/mungo[0, 1, 0, 0, 1]"
reply,3,"react[2, 2, 0, 0, 0]/reedy[2, 2, 1, 0, 2]"
rodeo,5,"prowl[0, 1, 1, 0, 0]/corby[0, 2, 1, 0, 0]/route[2, 2, 0, 0, 1]/roved[2, 2, 0, 2, 1]"
colon,4,"react[0, 0, 0, 1, 0]/micky[0, 0, 1, 0, 0]/condo[2, 2, 1, 0, 1]"
bleat,3,"arise[1, 0, 0, 0, 1]/bevan[2, 1, 0, 2, 0]"
style,3,"atone[0, 2, 0, 0, 2]/stele[2, 2, 1, 2, 2]"
sheer,4,"irate[0, 1, 0, 0, 1]/woker[0, 0, 0, 2, 2]/pheer[0, 2, 2, 2, 2]"
fresh,3,"crane[0, 2, 0, 0, 1]/erhus[1, 2, 1, 0, 1]"
incur,4,"atone[0, 0, 0, 1, 0]/flyin[0, 0, 0, 1, 1]/mungi[0, 1, 1, 0, 1]"
heard,3,"slate[0, 0, 2, 0, 1]/readd[1, 2, 2, 1, 2]"
order,4,"alone[0, 0, 1, 0, 1]/resod[1, 1, 0, 1, 1]/coder[0, 1, 2, 2, 2]"
later,7,"snare[0, 0, 1, 1, 1]/aired[1, 0, 1, 2, 0]/yager[0, 2, 0, 2, 2]/paper[0, 2, 0, 2, 2]/wafer[0, 2, 0, 2, 2]/baler[0, 2, 1, 2, 2]"
haste,4,"anime[1, 0, 0, 0, 2]/vawte[0, 2, 0, 2, 2]/paste[0, 2, 2, 2, 2]"
ozone,6,"media[0, 1, 0, 0, 0]/treen[0, 0, 1, 1, 1]/noove[1, 1, 2, 0, 2]/shone[0, 0, 2, 2, 2]/clone[0, 0, 2, 2, 2]"
spunk,4,"drape[0, 0, 0, 1, 0]/pomos[1, 0, 0, 0, 1]/situp[2, 0, 0, 1, 1]"
force,4,"cream[1, 1, 1, 0, 0]/rebec[1, 1, 0, 1, 1]/scree[0, 1, 2, 1, 2]"
rusty,5,"prowl[0, 1, 0, 0, 0]/rafik[2, 0, 0, 0, 0]/ruddy[2, 2, 0, 0, 2]/rugby[2, 2, 0, 0, 2]"
joker,8,"crane[0, 1, 0, 0, 1]/reffo[1, 1, 0, 0, 1]/doper[0, 2, 0, 2, 2]/voter[0, 2, 0, 2, 2]/lower[0, 2, 0, 2, 2]/homer[0, 2, 0, 2, 2]/sober[0, 2, 0, 2, 2]"
shirt,3,"worse[0, 0, 1, 1, 0]/thars[1, 2, 0, 2, 1]"
macaw,3,"adieu[1, 0, 0, 0, 0]/mogar[2, 0, 0, 2, 0]"
burly,4,"reast[1, 0, 0, 0, 0]/crook[0, 1, 0, 0, 0]/bidri[2, 0, 0, 1, 0]"
medal,4,"crate[0, 0, 1, 0, 1]/pebas[0, 2, 0, 2, 0]/geyan[0, 2, 0, 2, 0]"
lupus,4,"react[0, 0, 0, 0, 0]/mizzy[0, 0, 0, 0, 0]/pluff[1, 1, 1, 0, 0]"
usage,4,"sired[1, 0, 0, 1, 0]/house[0, 0, 1, 1, 2]/usque[2, 2, 0, 1, 2]"
incur,5,"paint[0, 0, 1, 1, 0]/vison[0, 1, 0, 0, 1]/fundi[0, 1, 1, 0, 1]/unmix[1, 2, 0, 1, 0]"
knave,6,"later[0, 1, 0, 1, 0]/pupae[0, 0, 0, 1, 2]/avise[1, 1, 0, 0, 2]/goave[0, 0, 2, 2, 2]/heave[0, 1, 2, 2, 2]"
unzip,3,"roast[0, 0, 0, 0, 0]/picul[1, 1, 0, 1, 0]"
thrum,4,"alone[0, 0, 0, 0, 0]/scups[0, 0, 1, 0, 0]/fuzzy[0, 1, 0, 0, 0]"
leant,4,"salet[0, 1, 1, 1, 2]/pleat[0, 1, 1, 1, 2]/exalt[1, 0, 2, 1, 2]"
viral,4,"adieu[1, 0, 1, 0, 0]/tragi[0, 1, 1, 0, 1]/mirah[0, 2, 2, 2, 0]"
stump,4,"sauce[2, 0, 2, 0, 0]/spuds[2, 1, 2, 0, 1]/slump[2, 0, 2, 2, 2]"
liner,4,"about[0, 0, 0, 0, 0]/kwink[0, 0, 1, 1, 0]/linin[2, 2, 2, 1, 1]"
baste,4,"adieu[1, 0, 0, 1, 0]/flame[0, 0, 1, 0, 2]/cache[0, 2, 0, 0, 2]"
hitch,7,"arise[0, 0, 1, 0, 0]/kilig[0, 2, 0, 1, 0]/mindi[0, 2, 0, 0, 1]/pithy[0, 2, 2, 1, 0]/titch[1, 2, 2, 2, 2]/witch[0, 2, 2, 2, 2]"
bough,4,"later[0, 0, 0, 0, 0]/minxy[0, 0, 0, 0, 0]/coops[0, 2, 1, 0, 0]"
dryer,4,"salet[0, 0, 0, 2, 0]/rover[1, 0, 0, 2, 2]/brier[0, 2, 0, 2, 2]"
alarm,5,"adieu[2, 0, 0, 0, 0]/amaro[2, 1, 2, 2, 0]/abmho[2, 0, 1, 0, 0]/assam[2, 0, 0, 1, 2]"
utile,3,"irate[1, 0, 0, 1, 2]/tuile[1, 1, 2, 2, 2]"
flute,4,"roast[0, 0, 0, 0, 1]/mutti[0, 1, 1, 2, 0]/chute[0, 0, 2, 2, 2]"
breed,2,"cream[0, 2, 2, 0, 0]"
nerdy,3,"crane[0, 1, 0, 1, 1]/nuder[2, 0, 1, 1, 1]"
lemur,4,"paint[0, 0, 0, 0, 0]/sucks[0, 1, 0, 0, 0]/debug[0, 2, 0, 2, 0]"
force,5,"arise[0, 1, 0, 0, 2]/rheme[1, 0, 1, 0, 2]/borne[0, 2, 2, 0, 2]/forte[2, 2, 2, 0, 2]"
thorn,5,"arise[0, 1, 0, 0, 0]/muruk[0, 0, 1, 0, 0]/rowth[1, 1, 0, 1, 1]/thoro[2, 2, 2, 2, 1]"
dowel,4,"media[0, 1, 1, 0, 0]/gleds[0, 1, 1, 1, 0]/poled[0, 2, 1, 2, 1]"
chess,3,"irate[0, 0, 0, 0, 1]/glees[0, 0, 2, 1, 2]"
booty,5,"tears[1, 0, 0, 0, 0]/zooty[0, 2, 2, 2, 2]/botch[2, 2, 1, 0, 0]/boutu[2, 2, 0, 2, 0]"
leave,5,"trace[0, 0, 2, 0, 2]/shape[0, 0, 2, 0, 2]/blade[0, 1, 2, 0, 2]/avale[1, 1, 2, 1, 2]"
chair,4,"paint[0, 1, 1, 0, 0]/azuki[1, 0, 0, 0, 1]/bigha[0, 1, 0, 1, 1]"
hairy,4,"reast[1, 0, 1, 0, 0]/mayor[0, 2, 1, 0, 1]/harry[2, 2, 1, 2, 2]"
worse,5,"react[1, 1, 0, 0, 0]/emure[1, 0, 0, 1, 2]/drove[0, 1, 1, 0, 2]/owrie[1, 1, 2, 0, 2]"
thorn,3,"roast[1, 1, 0, 0, 1]/trode[2, 1, 2, 0, 0]"
guilt,5,"irate[1, 0, 0, 1, 0]/typic[1, 0, 0, 1, 0]/sight[0, 1, 1, 0, 2]/glint[2, 1, 2, 0, 2]"
happy,5,"crane[0, 0, 1, 0, 0]/vagal[0, 2, 0, 1, 0]/hafiz[2, 2, 0, 0, 0]/hasty[2, 2, 0, 0, 2]"
utile,3,"irate[1, 0, 0, 1, 2]/stive[0, 2, 2, 0, 2]"
godly,5,"slate[0, 1, 0, 0, 0]/gurly[2, 0, 0, 2, 2]/golly[2, 2, 1, 2, 2]/gooly[2, 2, 1, 2, 2]"
unlit,4,"prowl[0, 0, 0, 0, 1]/filth[0, 1, 2, 1, 0]/inlet[1, 2, 2, 0, 2]"
vague,4,"about[1, 0, 0, 2, 0]/nanua[0, 2, 0, 2, 1]/value[2, 2, 0, 2, 2]"
begat,3,"adieu[1, 0, 0, 1, 0]/heart[0, 2, 1, 0, 2]"
apnea,4,"irate[0, 0, 1, 0, 1]/begad[0, 1, 0, 1, 0]/hyena[0, 0, 1, 1, 2]"
oxide,5,"crate[0, 0, 0, 0, 2]/penie[0, 1, 0, 1, 2]/fidge[0, 1, 1, 0, 2]/imide[1, 0, 2, 2, 2]"
truly,3,"alone[0, 1, 0, 0, 0]/gulch[0, 1, 1, 0, 0]"
juicy,6,"worse[0, 0, 0, 0, 0]/pakul[0, 0, 0, 1, 0]/muddy[0, 2, 0, 0, 2]/tutty[0, 2, 0, 0, 2]/bunjy[0, 2, 0, 1, 2]"
tabby,4,"salet[0, 2, 0, 0, 1]/facto[0, 2, 0, 1, 0]/taggy[2, 2, 0, 0, 2]"
choke,5,"prowl[0, 0, 2, 0, 0]/shoos[0, 2, 2, 1, 0]/chott[2, 2, 2, 0, 0]/choco[2, 2, 2, 1, 1]"
amend,2,"alone[2, 0, 0, 2, 1]"
coast,5,"sired[1, 0, 0, 0, 0]/nalas[0, 1, 0, 1, 1]/bobas[0, 2, 0, 1, 1]/fossa[0, 2, 1, 2, 1]"
drink,4,"reast[1, 0, 0, 0, 0]/mucro[0, 0, 0, 1, 0]/drill[2, 2, 2, 0, 0]"
larva,3,"snare[0, 0, 1, 1, 0]/rival[1, 0, 1, 1, 1]"
delay,4,"anime[1, 0, 0, 0, 1]/vealy[0, 2, 1, 1, 2]/relay[0, 2, 2, 2, 2]"
binge,5,"prowl[0, 0, 0, 0, 0]/zakat[0, 0, 0, 0, 0]/cuing[0, 0, 1, 1, 1]/singe[0, 2, 2, 2, 2]"
dodge,3,"adieu[0, 1, 0, 1, 0]/dorje[2, 2, 0, 0, 2]"
salty,3,"about[1, 0, 0, 0, 1]/twals[1, 0, 1, 1, 1]"
snout,3,"atone[0, 1, 2, 1, 0]/snort[2, 2, 2, 0, 2]"
wrack,5,"tears[0, 0, 2, 1, 0]/roany[1, 0, 2, 0, 0]/frail[0, 2, 2, 0, 0]/drama[0, 2, 2, 0, 1]"
waste,4,"alone[1, 0, 0, 0, 2]/shade[1, 0, 1, 0, 2]/parse[0, 2, 0, 1, 2]"
truce,3,"roast[1, 0, 0, 0, 1]/vertu[0, 1, 1, 1, 1]"
ralph,5,"alone[1, 1, 0, 0, 0]/vital[0, 0, 0, 1, 1]/gusla[0, 0, 0, 1, 1]/malky[0, 2, 2, 0, 0]"
knack,5,"media[0, 0, 0, 0, 1]/aught[1, 0, 0, 0, 0]/scarf[0, 1, 2, 0, 0]/black[0, 0, 2, 2, 2]"
crepe,3,"crate[2, 2, 0, 0, 2]/crore[2, 2, 0, 1, 2]"
check,5,"about[0, 0, 0, 0, 0]/elder[1, 0, 0, 1, 0]/crepy[2, 0, 2, 0, 0]/cheek[2, 2, 2, 1, 2]"
troop,4,"sired[0, 0, 1, 0, 0]/bronc[0, 2, 2, 0, 0]/troat[2, 2, 2, 0, 1]"
fruit,6,"prowl[0, 2, 0, 0, 0]/grege[0, 2, 0, 0, 0]/arars[0, 2, 0, 1, 0]/krubi[0, 2, 2, 0, 1]/druid[0, 2, 2, 2, 0]"
rebut,6,"slate[0, 0, 0, 1, 1]/toted[1, 0, 1, 1, 0]/deter[0, 2, 1, 1, 1]/remit[2, 2, 0, 0, 2]/recut[2, 2, 0, 2, 2]"
fatal,8,"drape[0, 0, 1, 0, 0]/novia[0, 0, 0, 0, 1]/gayal[0, 2, 0, 2, 2]/mamas[0, 2, 0, 2, 0]/lalls[1, 2, 1, 1, 0]/cabal[0, 2, 0, 2, 2]/fault[2, 2, 0, 1, 1]"
cling,5,"crate[2, 0, 0, 0, 0]/civvy[2, 1, 0, 0, 0]/colic[2, 0, 1, 1, 1]/clink[2, 2, 2, 2, 0]"
apart,3,"drape[0, 1, 2, 1, 0]/sharp[0, 0, 2, 2, 1]"
minus,4,"worse[0, 0, 0, 1, 0]/cucks[0, 1, 0, 0, 2]/unais[1, 1, 0, 1, 2]"
knack,4,"about[1, 0, 0, 0, 0]/regal[0, 0, 0, 1, 0]/panks[0, 1, 1, 1, 0]"
berry,6,"cream[0, 1, 1, 0, 0]/sever[0, 2, 0, 1, 1]/reorg[1, 2, 0, 2, 0]/derry[0, 2, 2, 2, 2]/ferry[0, 2, 2, 2, 2]"
warty,4,"react[1, 0, 1, 0, 1]/stria[0, 1, 2, 0, 1]/thraw[1, 0, 2, 1, 1]"
daddy,3,"reast[0, 0, 1, 0, 0]/ngoma[0, 0, 0, 0, 1]"
alloy,4,"salet[0, 1, 2, 0, 0]/gular[0, 0, 2, 1, 0]/molla[0, 1, 2, 1, 1]"
vista,3,"crate[0, 0, 1, 2, 0]/sputa[1, 0, 0, 2, 2]"
swarm,2,"cream[0, 1, 0, 1, 2]"
moron,4,"irate[0, 1, 0, 0, 0]/blurb[0, 0, 0, 1, 0]/rompy[1, 2, 1, 0, 0]"
truer,4,"crane[0, 2, 0, 0, 1]/greed[0, 2, 1, 2, 0]/frier[0, 2, 0, 2, 2]"
rowdy,4,"later[0, 0, 0, 0, 1]/bords[0, 2, 1, 2, 0]/rondo[2, 2, 0, 2, 1]"
strip,4,"cream[0, 1, 0, 0, 0]/robin[1, 0, 0, 2, 0]/strig[2, 2, 2, 2, 0]"
crier,7,"worse[0, 0, 1, 0, 1]/defer[0, 1, 0, 2, 2]/baker[0, 0, 0, 2, 2]/upter[0, 0, 0, 2, 2]/river[1, 1, 0, 2, 2]/inner[1, 0, 0, 2, 2]"
debit,4,"sired[0, 1, 0, 1, 1]/chedi[0, 0, 1, 1, 1]/dogie[2, 0, 0, 2, 1]"
slide,5,"arise[0, 0, 2, 1, 2]/spine[2, 0, 2, 0, 2]/smile[2, 0, 2, 1, 2]/slice[2, 2, 2, 0, 2]"
anime,1,
triad,3,"adieu[1, 1, 2, 0, 0]/zaidy[0, 1, 2, 1, 0]"
hunch,4,"roast[0, 0, 0, 0, 0]/helix[2, 0, 0, 0, 0]/hunky[2, 2, 2, 0, 0]"
ditty,5,"media[0, 0, 1, 1, 0]/dhoni[2, 0, 0, 0, 1]/dills[2, 2, 0, 0, 0]/dizzy[2, 2, 0, 0, 2]"
